formula_id,spec,semantics,algorithm,mode,n_samples,m_runs,avg_total_s,std_total_s,avg_per_sample_s,std_per_sample_s,avg_per_sample_us,std_per_sample_us,temporal_depth
1,(x < 0.5) and (x > -0.5),DelayedQuantitative,Incremental,online,20000,50,0.004810699159999103,0.0001364285126550053,2.4053495799995514e-07,6.8214256327502645e-09,0.24053495799995514,0.006821425632750264,0.0
2,"G[0,1000] (x > 0.5 -> F[0,100] (x < 0.0))",DelayedQuantitative,Incremental,online,20000,50,0.007229799140000068,0.00021145507703985766,3.6148995700000343e-07,1.0572753851992883e-08,0.3614899570000034,0.010572753851992883,1100.0
3,"(x < 0.5) U[0,1000] (x < 0.0)",DelayedQuantitative,Incremental,online,20000,50,0.0876589958199952,0.001579787703267179,4.38294979099976e-06,7.898938516335895e-08,4.38294979099976,0.07898938516335895,1000.0
4,"(G[0,100] (x < 0.5)) or (G[100,150] (x > 0.0))",DelayedQuantitative,Incremental,online,20000,50,0.007570958400001473,0.0001241310943962988,3.785479200000736e-07,6.2065547198149404e-09,0.37854792000007365,0.006206554719814941,150.0
5,"(x < 0.0) U[0,1.0] (x > 0.0)",DelayedQuantitative,Incremental,online,20000,50,0.007590339159997938,0.00010406993565552078,3.795169579998969e-07,5.203496782776039e-09,0.3795169579998969,0.005203496782776039,1.0
5,"(x < 0.0) U[0,100.0] (x > 0.0)",DelayedQuantitative,Incremental,online,20000,50,0.021631817459998502,0.0003285638871400687,1.081590872999925e-06,1.6428194357003435e-08,1.081590872999925,0.016428194357003434,100.0
5,"(x < 0.0) U[0,200.0] (x > 0.0)",DelayedQuantitative,Incremental,online,20000,50,0.029691683340004146,0.0007266225517273311,1.4845841670002073e-06,3.633112758636656e-08,1.4845841670002073,0.03633112758636656,200.0
5,"(x < 0.0) U[0,300.0] (x > 0.0)",DelayedQuantitative,Incremental,online,20000,50,0.03761376751999705,0.0009193748911962004,1.8806883759998526e-06,4.596874455981002e-08,1.8806883759998527,0.045968744559810024,300.0
5,"(x < 0.0) U[0,400.0] (x > 0.0)",DelayedQuantitative,Incremental,online,20000,50,0.044720781599996824,0.0008292648584633791,2.2360390799998413e-06,4.146324292316896e-08,2.2360390799998413,0.041463242923168955,400.0
5,"(x < 0.0) U[0,500.0] (x > 0.0)",DelayedQuantitative,Incremental,online,20000,50,0.05090602754000088,0.0010305364339791023,2.545301377000044e-06,5.152682169895511e-08,2.545301377000044,0.05152682169895511,500.0
5,"(x < 0.0) U[0,600.0] (x > 0.0)",DelayedQuantitative,Incremental,online,20000,50,0.06062355088000231,0.0018314010255537127,3.0311775440001158e-06,9.157005127768564e-08,3.0311775440001156,0.09157005127768564,600.0
5,"(x < 0.0) U[0,700.0] (x > 0.0)",DelayedQuantitative,Incremental,online,20000,50,0.06758988086000273,0.001187898629588862,3.3794940430001365e-06,5.939493147944309e-08,3.3794940430001366,0.059394931479443094,700.0
5,"(x < 0.0) U[0,800.0] (x > 0.0)",DelayedQuantitative,Incremental,online,20000,50,0.07517605257999777,0.0016293091436637693,3.7588026289998882e-06,8.146545718318846e-08,3.7588026289998884,0.08146545718318847,800.0
5,"(x < 0.0) U[0,900.0] (x > 0.0)",DelayedQuantitative,Incremental,online,20000,50,0.07944407421999813,0.0012331762889274392,3.972203710999907e-06,6.165881444637196e-08,3.9722037109999073,0.06165881444637196,900.0
5,"(x < 0.0) U[0,1000.0] (x > 0.0)",DelayedQuantitative,Incremental,online,20000,50,0.0883470374600006,0.0013414677350523975,4.41735187300003e-06,6.707338675261987e-08,4.4173518730000305,0.06707338675261987,1000.0
5,"(x < 0.0) U[0,1100.0] (x > 0.0)",DelayedQuantitative,Incremental,online,20000,50,0.0999322799999993,0.0023306211324074255,4.996613999999965e-06,1.1653105662037128e-07,4.996613999999965,0.11653105662037128,1100.0
5,"(x < 0.0) U[0,1200.0] (x > 0.0)",DelayedQuantitative,Incremental,online,20000,50,0.10830047170000626,0.0030741624733117167,5.415023585000313e-06,1.5370812366558582e-07,5.415023585000313,0.1537081236655858,1200.0
5,"(x < 0.0) U[0,1300.0] (x > 0.0)",DelayedQuantitative,Incremental,online,20000,50,0.11672655499999791,0.0023456640085168967,5.836327749999895e-06,1.1728320042584484e-07,5.836327749999896,0.11728320042584484,1300.0
5,"(x < 0.0) U[0,1400.0] (x > 0.0)",DelayedQuantitative,Incremental,online,20000,50,0.12332415002000062,0.0024219413161377717,6.166207501000031e-06,1.2109706580688858e-07,6.166207501000031,0.12109706580688857,1400.0
5,"(x < 0.0) U[0,1500.0] (x > 0.0)",DelayedQuantitative,Incremental,online,20000,50,0.13375859583999727,0.0035060439777345126,6.687929791999864e-06,1.7530219888672562e-07,6.687929791999864,0.17530219888672563,1500.0
5,"(x < 0.0) U[0,1600.0] (x > 0.0)",DelayedQuantitative,Incremental,online,20000,50,0.13865589076000562,0.003816308050140323,6.932794538000281e-06,1.9081540250701614e-07,6.93279453800028,0.19081540250701615,1600.0
5,"(x < 0.0) U[0,1700.0] (x > 0.0)",DelayedQuantitative,Incremental,online,20000,50,0.14690007000000263,0.003369449896887553,7.345003500000132e-06,1.6847249484437765e-07,7.345003500000131,0.16847249484437765,1700.0
5,"(x < 0.0) U[0,1800.0] (x > 0.0)",DelayedQuantitative,Incremental,online,20000,50,0.15225082004,0.0036605530327799307,7.612541002000001e-06,1.8302765163899654e-07,7.612541002,0.18302765163899654,1800.0
5,"(x < 0.0) U[0,1900.0] (x > 0.0)",DelayedQuantitative,Incremental,online,20000,50,0.15936480995999885,0.0025166859315787003,7.968240497999942e-06,1.25834296578935e-07,7.9682404979999415,0.125834296578935,1900.0
5,"(x < 0.0) U[0,2000.0] (x > 0.0)",DelayedQuantitative,Incremental,online,20000,50,0.16781767591999824,0.0030070121478868424,8.390883795999912e-06,1.5035060739434212e-07,8.390883795999912,0.1503506073943421,2000.0
5,"(x < 0.0) U[0,2100.0] (x > 0.0)",DelayedQuantitative,Incremental,online,20000,50,0.17544601350000222,0.004253819442561986,8.77230067500011e-06,2.126909721280993e-07,8.77230067500011,0.2126909721280993,2100.0
5,"(x < 0.0) U[0,2200.0] (x > 0.0)",DelayedQuantitative,Incremental,online,20000,50,0.18240105584000277,0.005007971076237212,9.120052792000139e-06,2.503985538118606e-07,9.12005279200014,0.2503985538118606,2200.0
5,"(x < 0.0) U[0,2300.0] (x > 0.0)",DelayedQuantitative,Incremental,online,20000,50,0.18790704077999862,0.003138489308293263,9.395352038999931e-06,1.5692446541466313e-07,9.395352038999931,0.15692446541466312,2300.0
5,"(x < 0.0) U[0,2400.0] (x > 0.0)",DelayedQuantitative,Incremental,online,20000,50,0.19411477418000117,0.003527666510285611,9.705738709000058e-06,1.7638332551428057e-07,9.705738709000059,0.17638332551428057,2400.0
5,"(x < 0.0) U[0,2500.0] (x > 0.0)",DelayedQuantitative,Incremental,online,20000,50,0.20025462071999642,0.0035956360657173453,1.0012731035999821e-05,1.7978180328586726e-07,10.012731035999822,0.17978180328586726,2500.0
5,"(x < 0.0) U[0,2600.0] (x > 0.0)",DelayedQuantitative,Incremental,online,20000,50,0.20745373750000226,0.00425990170420293,1.0372686875000113e-05,2.1299508521014652e-07,10.372686875000113,0.2129950852101465,2600.0
5,"(x < 0.0) U[0,2700.0] (x > 0.0)",DelayedQuantitative,Incremental,online,20000,50,0.2132591034000052,0.004012354621155295,1.066295517000026e-05,2.0061773105776474e-07,10.66295517000026,0.20061773105776473,2700.0
5,"(x < 0.0) U[0,2800.0] (x > 0.0)",DelayedQuantitative,Incremental,online,20000,50,0.21873961330000158,0.002626121380735266,1.0936980665000079e-05,1.313060690367633e-07,10.936980665000078,0.1313060690367633,2800.0
5,"(x < 0.0) U[0,2900.0] (x > 0.0)",DelayedQuantitative,Incremental,online,20000,50,0.22578364077999255,0.0040316002778563636,1.1289182038999627e-05,2.0158001389281818e-07,11.289182038999627,0.20158001389281818,2900.0
5,"(x < 0.0) U[0,3000.0] (x > 0.0)",DelayedQuantitative,Incremental,online,20000,50,0.2321499216399991,0.0030677248608364607,1.1607496081999954e-05,1.5338624304182302e-07,11.607496081999955,0.15338624304182302,3000.0
5,"(x < 0.0) U[0,3100.0] (x > 0.0)",DelayedQuantitative,Incremental,online,20000,50,0.23888313091999863,0.0028874373669496786,1.1944156545999931e-05,1.4437186834748393e-07,11.944156545999931,0.14437186834748392,3100.0
5,"(x < 0.0) U[0,3200.0] (x > 0.0)",DelayedQuantitative,Incremental,online,20000,50,0.24446081579999826,0.0031424957547078244,1.2223040789999912e-05,1.5712478773539122e-07,12.223040789999912,0.1571247877353912,3200.0
5,"(x < 0.0) U[0,3300.0] (x > 0.0)",DelayedQuantitative,Incremental,online,20000,50,0.25123395993999564,0.0028187424404809438,1.2561697996999782e-05,1.409371220240472e-07,12.561697996999783,0.14093712202404718,3300.0
5,"(x < 0.0) U[0,3400.0] (x > 0.0)",DelayedQuantitative,Incremental,online,20000,50,0.2579026840600113,0.00319016399138281,1.2895134203000566e-05,1.5950819956914048e-07,12.895134203000566,0.15950819956914047,3400.0
5,"(x < 0.0) U[0,3500.0] (x > 0.0)",DelayedQuantitative,Incremental,online,20000,50,0.26397370657998637,0.002924061092130092,1.3198685328999318e-05,1.4620305460650461e-07,13.198685328999318,0.14620305460650462,3500.0
5,"(x < 0.0) U[0,3600.0] (x > 0.0)",DelayedQuantitative,Incremental,online,20000,50,0.27019501494,0.002803467009408061,1.3509750746999998e-05,1.4017335047040305e-07,13.509750746999998,0.14017335047040305,3600.0
5,"(x < 0.0) U[0,3700.0] (x > 0.0)",DelayedQuantitative,Incremental,online,20000,50,0.27677266923999694,0.0026239264569998346,1.3838633461999847e-05,1.3119632284999172e-07,13.838633461999848,0.13119632284999172,3700.0
5,"(x < 0.0) U[0,3800.0] (x > 0.0)",DelayedQuantitative,Incremental,online,20000,50,0.28407446996000546,0.004544702363414606,1.4203723498000272e-05,2.272351181707303e-07,14.203723498000272,0.2272351181707303,3800.0
5,"(x < 0.0) U[0,3900.0] (x > 0.0)",DelayedQuantitative,Incremental,online,20000,50,0.2895121600799962,0.0033515792420433553,1.447560800399981e-05,1.6757896210216778e-07,14.47560800399981,0.16757896210216777,3900.0
5,"(x < 0.0) U[0,4000.0] (x > 0.0)",DelayedQuantitative,Incremental,online,20000,50,0.2956028692200016,0.0031555392957002145,1.478014346100008e-05,1.5777696478501073e-07,14.780143461000081,0.15777696478501074,4000.0
5,"(x < 0.0) U[0,4100.0] (x > 0.0)",DelayedQuantitative,Incremental,online,20000,50,0.33152476578000234,0.02162999445947053,1.6576238289000116e-05,1.0814997229735265e-06,16.576238289000116,1.0814997229735266,4100.0
5,"(x < 0.0) U[0,4200.0] (x > 0.0)",DelayedQuantitative,Incremental,online,20000,50,0.3343743491599935,0.01993252407981702,1.6718717457999672e-05,9.96626203990851e-07,16.718717457999674,0.9966262039908511,4200.0
5,"(x < 0.0) U[0,4300.0] (x > 0.0)",DelayedQuantitative,Incremental,online,20000,50,0.3522073891799982,0.03904333922163725,1.7610369458999912e-05,1.9521669610818624e-06,17.610369458999912,1.9521669610818624,4300.0
5,"(x < 0.0) U[0,4400.0] (x > 0.0)",DelayedQuantitative,Incremental,online,20000,50,0.34524012330000686,0.023211919032974607,1.7262006165000343e-05,1.1605959516487302e-06,17.262006165000344,1.1605959516487303,4400.0
5,"(x < 0.0) U[0,4500.0] (x > 0.0)",DelayedQuantitative,Incremental,online,20000,50,0.36375571582000477,0.034256072851233284,1.818778579100024e-05,1.7128036425616642e-06,18.187785791000238,1.7128036425616642,4500.0
5,"(x < 0.0) U[0,4600.0] (x > 0.0)",DelayedQuantitative,Incremental,online,20000,50,0.3635427050800081,0.03028194264089903,1.8177135254000405e-05,1.5140971320449516e-06,18.177135254000405,1.5140971320449517,4600.0
5,"(x < 0.0) U[0,4700.0] (x > 0.0)",DelayedQuantitative,Incremental,online,20000,50,0.3595544015999985,0.021180013330064928,1.7977720079999924e-05,1.0590006665032464e-06,17.977720079999923,1.0590006665032465,4700.0
5,"(x < 0.0) U[0,4800.0] (x > 0.0)",DelayedQuantitative,Incremental,online,20000,50,0.3708189358999971,0.03229392369367813,1.8540946794999855e-05,1.6146961846839066e-06,18.540946794999854,1.6146961846839065,4800.0
5,"(x < 0.0) U[0,4900.0] (x > 0.0)",DelayedQuantitative,Incremental,online,20000,50,0.3846577966200107,0.03515603198852367,1.9232889831000535e-05,1.7578015994261835e-06,19.232889831000534,1.7578015994261835,4900.0
5,"(x < 0.0) U[0,5000.0] (x > 0.0)",DelayedQuantitative,Incremental,online,20000,50,0.37928779246000205,0.023030267255833722,1.8964389623000103e-05,1.1515133627916862e-06,18.964389623000102,1.1515133627916863,5000.0
6,"G[0,1.0] (x > 0.0)",DelayedQuantitative,Incremental,online,20000,50,0.004291731620007795,8.609617834774536e-05,2.1458658100038974e-07,4.304808917387268e-09,0.21458658100038974,0.004304808917387268,1.0
6,"G[0,100.0] (x > 0.0)",DelayedQuantitative,Incremental,online,20000,50,0.004317468359997747,8.217151745558807e-05,2.1587341799988737e-07,4.108575872779404e-09,0.21587341799988738,0.004108575872779404,100.0
6,"G[0,200.0] (x > 0.0)",DelayedQuantitative,Incremental,online,20000,50,0.004234831660005512,8.046596098072522e-05,2.117415830002756e-07,4.023298049036261e-09,0.2117415830002756,0.004023298049036261,200.0
6,"G[0,300.0] (x > 0.0)",DelayedQuantitative,Incremental,online,20000,50,0.00428013088000398,8.997599762636476e-05,2.14006544000199e-07,4.498799881318238e-09,0.214006544000199,0.0044987998813182375,300.0
6,"G[0,400.0] (x > 0.0)",DelayedQuantitative,Incremental,online,20000,50,0.0042431167800009465,0.00011855816615083286,2.1215583900004734e-07,5.927908307541643e-09,0.21215583900004734,0.005927908307541643,400.0
6,"G[0,500.0] (x > 0.0)",DelayedQuantitative,Incremental,online,20000,50,0.0041778649199955,9.549526023276472e-05,2.08893245999775e-07,4.774763011638236e-09,0.208893245999775,0.004774763011638236,500.0
6,"G[0,600.0] (x > 0.0)",DelayedQuantitative,Incremental,online,20000,50,0.004189794020005593,0.000126617806270559,2.0948970100027963e-07,6.33089031352795e-09,0.20948970100027964,0.006330890313527951,600.0
6,"G[0,700.0] (x > 0.0)",DelayedQuantitative,Incremental,online,20000,50,0.004152946679998877,0.00011528281703788448,2.0764733399994383e-07,5.7641408518942235e-09,0.20764733399994384,0.005764140851894224,700.0
6,"G[0,800.0] (x > 0.0)",DelayedQuantitative,Incremental,online,20000,50,0.0041967091200172035,0.0001120890701303156,2.0983545600086017e-07,5.604453506515779e-09,0.20983545600086018,0.0056044535065157795,800.0
6,"G[0,900.0] (x > 0.0)",DelayedQuantitative,Incremental,online,20000,50,0.0041011224400017456,9.20032698488272e-05,2.0505612200008727e-07,4.60016349244136e-09,0.20505612200008727,0.00460016349244136,900.0
6,"G[0,1000.0] (x > 0.0)",DelayedQuantitative,Incremental,online,20000,50,0.004049867520011503,0.00012793870884051585,2.0249337600057516e-07,6.396935442025792e-09,0.20249337600057515,0.006396935442025792,1000.0
6,"G[0,1100.0] (x > 0.0)",DelayedQuantitative,Incremental,online,20000,50,0.0042443674999958604,0.00010393163919417951,2.1221837499979302e-07,5.1965819597089754e-09,0.212218374999793,0.005196581959708975,1100.0
6,"G[0,1200.0] (x > 0.0)",DelayedQuantitative,Incremental,online,20000,50,0.003976314999997612,4.449759553325016e-05,1.988157499998806e-07,2.224879776662508e-09,0.1988157499998806,0.002224879776662508,1200.0
6,"G[0,1300.0] (x > 0.0)",DelayedQuantitative,Incremental,online,20000,50,0.004197930060001909,0.00017786033137265824,2.0989650300009544e-07,8.893016568632912e-09,0.20989650300009544,0.008893016568632912,1300.0
6,"G[0,1400.0] (x > 0.0)",DelayedQuantitative,Incremental,online,20000,50,0.004204909259999568,8.195702812875109e-05,2.1024546299997837e-07,4.097851406437555e-09,0.21024546299997837,0.004097851406437555,1400.0
6,"G[0,1500.0] (x > 0.0)",DelayedQuantitative,Incremental,online,20000,50,0.004070794180004214,5.0957112357538516e-05,2.0353970900021068e-07,2.547855617876926e-09,0.20353970900021068,0.0025478556178769258,1500.0
6,"G[0,1600.0] (x > 0.0)",DelayedQuantitative,Incremental,online,20000,50,0.004187098439997499,0.00015009695469438974,2.0935492199987492e-07,7.504847734719486e-09,0.20935492199987493,0.007504847734719486,1600.0
6,"G[0,1700.0] (x > 0.0)",DelayedQuantitative,Incremental,online,20000,50,0.004221459160005452,9.064409492953127e-05,2.110729580002726e-07,4.532204746476563e-09,0.2110729580002726,0.0045322047464765635,1700.0
6,"G[0,1800.0] (x > 0.0)",DelayedQuantitative,Incremental,online,20000,50,0.004011133339995468,4.256138692001519e-05,2.005566669997734e-07,2.1280693460007595e-09,0.2005566669997734,0.0021280693460007595,1800.0
6,"G[0,1900.0] (x > 0.0)",DelayedQuantitative,Incremental,online,20000,50,0.004233116720006365,0.00014747325912454687,2.1165583600031823e-07,7.373662956227344e-09,0.21165583600031823,0.007373662956227343,1900.0
6,"G[0,2000.0] (x > 0.0)",DelayedQuantitative,Incremental,online,20000,50,0.004092295040002227,0.0001231257223511336,2.0461475200011137e-07,6.15628611755668e-09,0.20461475200011137,0.00615628611755668,2000.0
6,"G[0,2100.0] (x > 0.0)",DelayedQuantitative,Incremental,online,20000,50,0.004046515900006398,2.338931022276929e-05,2.023257950003199e-07,1.1694655111384645e-09,0.20232579500031989,0.0011694655111384646,2100.0
6,"G[0,2200.0] (x > 0.0)",DelayedQuantitative,Incremental,online,20000,50,0.00421036164000725,0.00012428140608543764,2.105180820003625e-07,6.214070304271882e-09,0.21051808200036248,0.006214070304271882,2200.0
6,"G[0,2300.0] (x > 0.0)",DelayedQuantitative,Incremental,online,20000,50,0.00410118594000096,0.00010467895276629453,2.0505929700004802e-07,5.233947638314727e-09,0.20505929700004802,0.005233947638314727,2300.0
6,"G[0,2400.0] (x > 0.0)",DelayedQuantitative,Incremental,online,20000,50,0.004009645840010307,9.624500484338592e-05,2.0048229200051535e-07,4.812250242169296e-09,0.20048229200051534,0.0048122502421692965,2400.0
6,"G[0,2500.0] (x > 0.0)",DelayedQuantitative,Incremental,online,20000,50,0.004235813280001821,0.00010630359628094159,2.1179066400009105e-07,5.31517981404708e-09,0.21179066400009106,0.0053151798140470795,2500.0
6,"G[0,2600.0] (x > 0.0)",DelayedQuantitative,Incremental,online,20000,50,0.0040307642399898215,0.00010968776275092127,2.0153821199949108e-07,5.484388137546063e-09,0.20153821199949107,0.005484388137546063,2600.0
6,"G[0,2700.0] (x > 0.0)",DelayedQuantitative,Incremental,online,20000,50,0.00411736519999522,0.00013546292734610343,2.0586825999976097e-07,6.773146367305172e-09,0.20586825999976097,0.006773146367305171,2700.0
6,"G[0,2800.0] (x > 0.0)",DelayedQuantitative,Incremental,online,20000,50,0.004164747440001975,0.00010876907355145307,2.0823737200009875e-07,5.438453677572653e-09,0.20823737200009876,0.005438453677572654,2800.0
6,"G[0,2900.0] (x > 0.0)",DelayedQuantitative,Incremental,online,20000,50,0.0040051983799958175,6.152527144674768e-05,2.0025991899979088e-07,3.076263572337384e-09,0.20025991899979087,0.003076263572337384,2900.0
6,"G[0,3000.0] (x > 0.0)",DelayedQuantitative,Incremental,online,20000,50,0.004126005799998893,0.00014975130747918287,2.0630028999994466e-07,7.487565373959144e-09,0.20630028999994465,0.007487565373959145,3000.0
6,"G[0,3100.0] (x > 0.0)",DelayedQuantitative,Incremental,online,20000,50,0.004278809160005039,0.00011548158670557151,2.1394045800025195e-07,5.7740793352785754e-09,0.21394045800025197,0.005774079335278575,3100.0
6,"G[0,3200.0] (x > 0.0)",DelayedQuantitative,Incremental,online,20000,50,0.004147920859998067,0.00010895560634184134,2.0739604299990334e-07,5.4477803170920666e-09,0.20739604299990333,0.005447780317092066,3200.0
6,"G[0,3300.0] (x > 0.0)",DelayedQuantitative,Incremental,online,20000,50,0.00423034161997748,0.00010025321711711667,2.11517080998874e-07,5.0126608558558334e-09,0.211517080998874,0.005012660855855834,3300.0
6,"G[0,3400.0] (x > 0.0)",DelayedQuantitative,Incremental,online,20000,50,0.004098494179997942,8.97823449783072e-05,2.049247089998971e-07,4.48911724891536e-09,0.2049247089998971,0.0044891172489153605,3400.0
6,"G[0,3500.0] (x > 0.0)",DelayedQuantitative,Incremental,online,20000,50,0.004140334919998168,8.111786890294614e-05,2.070167459999084e-07,4.055893445147307e-09,0.2070167459999084,0.004055893445147307,3500.0
6,"G[0,3600.0] (x > 0.0)",DelayedQuantitative,Incremental,online,20000,50,0.004057047499993587,7.699215443926616e-05,2.0285237499967932e-07,3.8496077219633075e-09,0.2028523749996793,0.0038496077219633074,3600.0
6,"G[0,3700.0] (x > 0.0)",DelayedQuantitative,Incremental,online,20000,50,0.004182268240006124,8.917684824960498e-05,2.091134120003062e-07,4.4588424124802494e-09,0.2091134120003062,0.00445884241248025,3700.0
6,"G[0,3800.0] (x > 0.0)",DelayedQuantitative,Incremental,online,20000,50,0.004053804120003406,8.917813935794708e-05,2.0269020600017028e-07,4.4589069678973534e-09,0.2026902060001703,0.004458906967897354,3800.0
6,"G[0,3900.0] (x > 0.0)",DelayedQuantitative,Incremental,online,20000,50,0.004116996580009981,7.819525749985783e-05,2.0584982900049906e-07,3.909762874992891e-09,0.20584982900049906,0.003909762874992891,3900.0
6,"G[0,4000.0] (x > 0.0)",DelayedQuantitative,Incremental,online,20000,50,0.004157740000005105,0.00011727713500870408,2.0788700000025526e-07,5.863856750435204e-09,0.20788700000025526,0.005863856750435204,4000.0
6,"G[0,4100.0] (x > 0.0)",DelayedQuantitative,Incremental,online,20000,50,0.004111021760002132,9.146815904512116e-05,2.0555108800010658e-07,4.573407952256058e-09,0.20555108800010657,0.0045734079522560585,4100.0
6,"G[0,4200.0] (x > 0.0)",DelayedQuantitative,Incremental,online,20000,50,0.004064028380007585,9.473152787767993e-05,2.0320141900037926e-07,4.7365763938839964e-09,0.20320141900037927,0.004736576393883997,4200.0
6,"G[0,4300.0] (x > 0.0)",DelayedQuantitative,Incremental,online,20000,50,0.004127166659993691,7.416247333889346e-05,2.0635833299968452e-07,3.708123666944673e-09,0.20635833299968454,0.003708123666944673,4300.0
6,"G[0,4400.0] (x > 0.0)",DelayedQuantitative,Incremental,online,20000,50,0.004061047460004375,7.034699993279598e-05,2.0305237300021873e-07,3.5173499966397993e-09,0.20305237300021872,0.0035173499966397992,4400.0
6,"G[0,4500.0] (x > 0.0)",DelayedQuantitative,Incremental,online,20000,50,0.004128135859991744,0.00010023537572204593,2.0640679299958722e-07,5.0117687861022966e-09,0.20640679299958722,0.005011768786102297,4500.0
6,"G[0,4600.0] (x > 0.0)",DelayedQuantitative,Incremental,online,20000,50,0.0040650025599939,7.542897580204953e-05,2.03250127999695e-07,3.7714487901024765e-09,0.203250127999695,0.0037714487901024767,4600.0
6,"G[0,4700.0] (x > 0.0)",DelayedQuantitative,Incremental,online,20000,50,0.004107526619989131,7.273474511543275e-05,2.0537633099945653e-07,3.6367372557716374e-09,0.20537633099945654,0.0036367372557716375,4700.0
6,"G[0,4800.0] (x > 0.0)",DelayedQuantitative,Incremental,online,20000,50,0.004040249219997349,9.250235689358027e-05,2.0201246099986747e-07,4.625117844679014e-09,0.20201246099986747,0.004625117844679014,4800.0
6,"G[0,4900.0] (x > 0.0)",DelayedQuantitative,Incremental,online,20000,50,0.004131174960009503,0.00010440735837465708,2.0655874800047514e-07,5.220367918732854e-09,0.20655874800047513,0.005220367918732854,4900.0
6,"G[0,5000.0] (x > 0.0)",DelayedQuantitative,Incremental,online,20000,50,0.004043450820001908,7.684249084655498e-05,2.021725410000954e-07,3.842124542327749e-09,0.20217254100009538,0.003842124542327749,5000.0
7,"F[0,1.0] (x > 0.0)",DelayedQuantitative,Incremental,online,20000,50,0.004438120019999587,0.00010560535257016073,2.2190600099997936e-07,5.280267628508036e-09,0.22190600099997937,0.005280267628508036,1.0
7,"F[0,100.0] (x > 0.0)",DelayedQuantitative,Incremental,online,20000,50,0.004300330059993485,0.00010366361407688468,2.1501650299967423e-07,5.183180703844234e-09,0.21501650299967423,0.005183180703844234,100.0
7,"F[0,200.0] (x > 0.0)",DelayedQuantitative,Incremental,online,20000,50,0.004342818360009914,9.37016405469111e-05,2.1714091800049572e-07,4.685082027345555e-09,0.21714091800049573,0.004685082027345556,200.0
7,"F[0,300.0] (x > 0.0)",DelayedQuantitative,Incremental,online,20000,50,0.0041167524799993775,8.073887885645492e-05,2.0583762399996888e-07,4.036943942822746e-09,0.20583762399996888,0.004036943942822746,300.0
7,"F[0,400.0] (x > 0.0)",DelayedQuantitative,Incremental,online,20000,50,0.004269331720010996,0.0001012254786444754,2.1346658600054977e-07,5.06127393222377e-09,0.21346658600054977,0.00506127393222377,400.0
7,"F[0,500.0] (x > 0.0)",DelayedQuantitative,Incremental,online,20000,50,0.004073610020002434,0.00011598563664871779,2.0368050100012168e-07,5.799281832435889e-09,0.2036805010001217,0.005799281832435889,500.0
7,"F[0,600.0] (x > 0.0)",DelayedQuantitative,Incremental,online,20000,50,0.004260710019993894,0.00012103957606865476,2.130355009996947e-07,6.051978803432738e-09,0.21303550099969468,0.006051978803432738,600.0
7,"F[0,700.0] (x > 0.0)",DelayedQuantitative,Incremental,online,20000,50,0.004110249959983321,0.00010825361839370112,2.0551249799916604e-07,5.412680919685056e-09,0.20551249799916604,0.005412680919685056,700.0
7,"F[0,800.0] (x > 0.0)",DelayedQuantitative,Incremental,online,20000,50,0.004239798399989923,8.835042784303774e-05,2.1198991999949613e-07,4.417521392151887e-09,0.21198991999949612,0.004417521392151887,800.0
7,"F[0,900.0] (x > 0.0)",DelayedQuantitative,Incremental,online,20000,50,0.004158341699999255,0.00015312950447877457,2.0791708499996274e-07,7.656475223938728e-09,0.20791708499996275,0.007656475223938728,900.0
7,"F[0,1000.0] (x > 0.0)",DelayedQuantitative,Incremental,online,20000,50,0.004120320060001177,0.0001072592239518229,2.0601600300005886e-07,5.362961197591145e-09,0.20601600300005887,0.005362961197591145,1000.0
7,"F[0,1100.0] (x > 0.0)",DelayedQuantitative,Incremental,online,20000,50,0.004121585000004871,9.265695498007804e-05,2.0607925000024353e-07,4.632847749003902e-09,0.20607925000024352,0.004632847749003902,1100.0
7,"F[0,1200.0] (x > 0.0)",DelayedQuantitative,Incremental,online,20000,50,0.00423116747999984,0.00013953170531349853,2.11558373999992e-07,6.9765852656749265e-09,0.211558373999992,0.006976585265674927,1200.0
7,"F[0,1300.0] (x > 0.0)",DelayedQuantitative,Incremental,online,20000,50,0.00409841327999402,0.00010600991837318095,2.0492066399970098e-07,5.300495918659048e-09,0.204920663999701,0.005300495918659048,1300.0
7,"F[0,1400.0] (x > 0.0)",DelayedQuantitative,Incremental,online,20000,50,0.00412247582000191,9.035019746259252e-05,2.0612379100009549e-07,4.5175098731296255e-09,0.20612379100009548,0.004517509873129625,1400.0
7,"F[0,1500.0] (x > 0.0)",DelayedQuantitative,Incremental,online,20000,50,0.004135715060006078,0.00014939840028493272,2.067857530003039e-07,7.469920014246635e-09,0.2067857530003039,0.007469920014246636,1500.0
7,"F[0,1600.0] (x > 0.0)",DelayedQuantitative,Incremental,online,20000,50,0.004247946659991158,0.00011995143290308478,2.1239733299955788e-07,5.997571645154239e-09,0.21239733299955788,0.005997571645154238,1600.0
7,"F[0,1700.0] (x > 0.0)",DelayedQuantitative,Incremental,online,20000,50,0.0041740791599954715,0.00012188151775076707,2.0870395799977357e-07,6.094075887538354e-09,0.20870395799977356,0.006094075887538354,1700.0
7,"F[0,1800.0] (x > 0.0)",DelayedQuantitative,Incremental,online,20000,50,0.004068685859995185,2.281415092229818e-05,2.0343429299975926e-07,1.140707546114909e-09,0.20343429299975926,0.001140707546114909,1800.0
7,"F[0,1900.0] (x > 0.0)",DelayedQuantitative,Incremental,online,20000,50,0.004202234939996287,0.00010360439360292642,2.1011174699981437e-07,5.180219680146321e-09,0.21011174699981436,0.005180219680146321,1900.0
7,"F[0,2000.0] (x > 0.0)",DelayedQuantitative,Incremental,online,20000,50,0.0041269041000123255,9.848260354414226e-05,2.0634520500061628e-07,4.924130177207113e-09,0.2063452050006163,0.004924130177207112,2000.0
7,"F[0,2100.0] (x > 0.0)",DelayedQuantitative,Incremental,online,20000,50,0.004007868319995396,7.183683535208053e-05,2.003934159997698e-07,3.5918417676040264e-09,0.20039341599976981,0.0035918417676040265,2100.0
7,"F[0,2200.0] (x > 0.0)",DelayedQuantitative,Incremental,online,20000,50,0.004251486679995651,0.00010320726426110317,2.1257433399978253e-07,5.160363213055159e-09,0.21257433399978254,0.005160363213055159,2200.0
7,"F[0,2300.0] (x > 0.0)",DelayedQuantitative,Incremental,online,20000,50,0.0040440916200032,9.490986518023677e-05,2.0220458100016003e-07,4.745493259011839e-09,0.20220458100016003,0.004745493259011839,2300.0
7,"F[0,2400.0] (x > 0.0)",DelayedQuantitative,Incremental,online,20000,50,0.004105252540009588,0.00011091015322824928,2.0526262700047937e-07,5.545507661412464e-09,0.20526262700047937,0.005545507661412465,2400.0
7,"F[0,2500.0] (x > 0.0)",DelayedQuantitative,Incremental,online,20000,50,0.004184129979996669,0.00012222364260276286,2.0920649899983344e-07,6.111182130138143e-09,0.20920649899983343,0.006111182130138143,2500.0
7,"F[0,2600.0] (x > 0.0)",DelayedQuantitative,Incremental,online,20000,50,0.004175541759996122,8.57281119889455e-05,2.087770879998061e-07,4.286405599447275e-09,0.2087770879998061,0.004286405599447275,2600.0
7,"F[0,2700.0] (x > 0.0)",DelayedQuantitative,Incremental,online,20000,50,0.004155237459997352,7.111574480229354e-05,2.077618729998676e-07,3.5557872401146773e-09,0.2077618729998676,0.003555787240114677,2700.0
7,"F[0,2800.0] (x > 0.0)",DelayedQuantitative,Incremental,online,20000,50,0.004206754060007824,0.00010471899491778516,2.1033770300039122e-07,5.2359497458892575e-09,0.21033770300039123,0.005235949745889258,2800.0
7,"F[0,2900.0] (x > 0.0)",DelayedQuantitative,Incremental,online,20000,50,0.004130906720006351,0.00010388851952775497,2.0654533600031753e-07,5.194425976387748e-09,0.20654533600031752,0.005194425976387748,2900.0
7,"F[0,3000.0] (x > 0.0)",DelayedQuantitative,Incremental,online,20000,50,0.004186129120005262,7.8731017324532e-05,2.093064560002631e-07,3.9365508662266e-09,0.2093064560002631,0.0039365508662266005,3000.0
7,"F[0,3100.0] (x > 0.0)",DelayedQuantitative,Incremental,online,20000,50,0.0041191766599990845,9.034934963845977e-05,2.0595883299995423e-07,4.517467481922989e-09,0.20595883299995424,0.004517467481922988,3100.0
7,"F[0,3200.0] (x > 0.0)",DelayedQuantitative,Incremental,online,20000,50,0.004195702540000639,0.00011194977110940156,2.0978512700003193e-07,5.597488555470078e-09,0.20978512700003193,0.005597488555470078,3200.0
7,"F[0,3300.0] (x > 0.0)",DelayedQuantitative,Incremental,online,20000,50,0.0041778459000079236,8.981805866732593e-05,2.0889229500039617e-07,4.490902933366297e-09,0.20889229500039616,0.004490902933366297,3300.0
7,"F[0,3400.0] (x > 0.0)",DelayedQuantitative,Incremental,online,20000,50,0.004203775099999803,9.836877052509569e-05,2.1018875499999014e-07,4.918438526254784e-09,0.21018875499999015,0.004918438526254784,3400.0
7,"F[0,3500.0] (x > 0.0)",DelayedQuantitative,Incremental,online,20000,50,0.004118842480002058,8.384569840558993e-05,2.0594212400010292e-07,4.192284920279497e-09,0.20594212400010292,0.004192284920279497,3500.0
7,"F[0,3600.0] (x > 0.0)",DelayedQuantitative,Incremental,online,20000,50,0.004173303339996437,8.454490596915695e-05,2.0866516699982185e-07,4.2272452984578475e-09,0.20866516699982185,0.004227245298457847,3600.0
7,"F[0,3700.0] (x > 0.0)",DelayedQuantitative,Incremental,online,20000,50,0.004160604180001428,0.00013108331448623704,2.080302090000714e-07,6.554165724311852e-09,0.2080302090000714,0.006554165724311852,3700.0
7,"F[0,3800.0] (x > 0.0)",DelayedQuantitative,Incremental,online,20000,50,0.004155973340002675,9.089092230831599e-05,2.0779866700013373e-07,4.5445461154158e-09,0.20779866700013372,0.0045445461154158,3800.0
7,"F[0,3900.0] (x > 0.0)",DelayedQuantitative,Incremental,online,20000,50,0.004084735800008729,9.29223911929446e-05,2.0423679000043647e-07,4.64611955964723e-09,0.20423679000043646,0.00464611955964723,3900.0
7,"F[0,4000.0] (x > 0.0)",DelayedQuantitative,Incremental,online,20000,50,0.0041319941599817864,9.8123817509837e-05,2.0659970799908932e-07,4.90619087549185e-09,0.2065997079990893,0.00490619087549185,4000.0
7,"F[0,4100.0] (x > 0.0)",DelayedQuantitative,Incremental,online,20000,50,0.004110118279995732,9.038602997190393e-05,2.055059139997866e-07,4.519301498595197e-09,0.2055059139997866,0.004519301498595196,4100.0
7,"F[0,4200.0] (x > 0.0)",DelayedQuantitative,Incremental,online,20000,50,0.004122449179999421,8.208802925781392e-05,2.0612245899997104e-07,4.104401462890696e-09,0.20612245899997103,0.004104401462890696,4200.0
7,"F[0,4300.0] (x > 0.0)",DelayedQuantitative,Incremental,online,20000,50,0.004124709160003022,9.7981156405051e-05,2.062354580001511e-07,4.89905782025255e-09,0.2062354580001511,0.00489905782025255,4300.0
7,"F[0,4400.0] (x > 0.0)",DelayedQuantitative,Incremental,online,20000,50,0.004187190020002163,8.590976411369633e-05,2.0935950100010814e-07,4.295488205684816e-09,0.20935950100010814,0.004295488205684816,4400.0
7,"F[0,4500.0] (x > 0.0)",DelayedQuantitative,Incremental,online,20000,50,0.0040750425399846794,7.892502853383104e-05,2.0375212699923396e-07,3.946251426691552e-09,0.20375212699923395,0.0039462514266915515,4500.0
7,"F[0,4600.0] (x > 0.0)",DelayedQuantitative,Incremental,online,20000,50,0.00413394339999968,8.361898208860258e-05,2.06697169999984e-07,4.1809491044301286e-09,0.206697169999984,0.004180949104430128,4600.0
7,"F[0,4700.0] (x > 0.0)",DelayedQuantitative,Incremental,online,20000,50,0.0040865849199963125,8.453432245622413e-05,2.0432924599981563e-07,4.226716122811206e-09,0.20432924599981564,0.004226716122811206,4700.0
7,"F[0,4800.0] (x > 0.0)",DelayedQuantitative,Incremental,online,20000,50,0.004148817459999918,9.596676042140729e-05,2.0744087299999592e-07,4.798338021070364e-09,0.20744087299999592,0.004798338021070364,4800.0
7,"F[0,4900.0] (x > 0.0)",DelayedQuantitative,Incremental,online,20000,50,0.0040563849999875855,0.00011118007539626264,2.0281924999937928e-07,5.559003769813132e-09,0.20281924999937928,0.005559003769813132,4900.0
7,"F[0,5000.0] (x > 0.0)",DelayedQuantitative,Incremental,online,20000,50,0.004159387519998745,0.00010106803176053386,2.0796937599993726e-07,5.0534015880266934e-09,0.20796937599993726,0.005053401588026693,5000.0
1,(x < 0.5) and (x > -0.5),DelayedQualitative,Incremental,online,20000,50,0.004825119199997516,7.921978147806638e-05,2.412559599998758e-07,3.960989073903319e-09,0.24125595999987579,0.003960989073903319,0.0
2,"G[0,1000] (x > 0.5 -> F[0,100] (x < 0.0))",DelayedQualitative,Incremental,online,20000,50,0.00740113743999018,0.0001317539811384787,3.70056871999509e-07,6.587699056923935e-09,0.370056871999509,0.006587699056923935,1100.0
3,"(x < 0.5) U[0,1000] (x < 0.0)",DelayedQualitative,Incremental,online,20000,50,0.07502117253999813,0.0010417415749482456,3.7510586269999063e-06,5.208707874741228e-08,3.751058626999906,0.05208707874741228,1000.0
4,"(G[0,100] (x < 0.5)) or (G[100,150] (x > 0.0))",DelayedQualitative,Incremental,online,20000,50,0.007182120820002638,8.961237095041563e-05,3.591060410001319e-07,4.4806185475207814e-09,0.3591060410001319,0.004480618547520782,150.0
5,"(x < 0.0) U[0,1.0] (x > 0.0)",DelayedQualitative,Incremental,online,20000,50,0.007277200859978166,0.00016895494251753886,3.638600429989083e-07,8.447747125876944e-09,0.3638600429989083,0.008447747125876943,1.0
5,"(x < 0.0) U[0,100.0] (x > 0.0)",DelayedQualitative,Incremental,online,20000,50,0.018060829139999443,0.0001736116065340145,9.030414569999722e-07,8.680580326700725e-09,0.9030414569999722,0.008680580326700726,100.0
5,"(x < 0.0) U[0,200.0] (x > 0.0)",DelayedQualitative,Incremental,online,20000,50,0.023604107399985422,0.00019213178066387958,1.180205369999271e-06,9.606589033193978e-09,1.1802053699992712,0.009606589033193978,200.0
5,"(x < 0.0) U[0,300.0] (x > 0.0)",DelayedQualitative,Incremental,online,20000,50,0.03181134666000162,0.0002598985595860996,1.590567333000081e-06,1.2994927979304982e-08,1.590567333000081,0.012994927979304982,300.0
5,"(x < 0.0) U[0,400.0] (x > 0.0)",DelayedQualitative,Incremental,online,20000,50,0.03718406085999277,0.00029524326664570616,1.8592030429996384e-06,1.4762163332285309e-08,1.8592030429996385,0.014762163332285309,400.0
5,"(x < 0.0) U[0,500.0] (x > 0.0)",DelayedQualitative,Incremental,online,20000,50,0.04263338164000288,0.0009460808422275327,2.131669082000144e-06,4.730404211137663e-08,2.131669082000144,0.047304042111376635,500.0
5,"(x < 0.0) U[0,600.0] (x > 0.0)",DelayedQualitative,Incremental,online,20000,50,0.05004172083999947,0.0007767979398549841,2.5020860419999734e-06,3.8839896992749205e-08,2.5020860419999735,0.03883989699274921,600.0
5,"(x < 0.0) U[0,700.0] (x > 0.0)",DelayedQualitative,Incremental,online,20000,50,0.0565052699799935,0.0005205234811942131,2.825263498999675e-06,2.6026174059710655e-08,2.825263498999675,0.026026174059710656,700.0
5,"(x < 0.0) U[0,800.0] (x > 0.0)",DelayedQualitative,Incremental,online,20000,50,0.062293825819988345,0.0005774262164441017,3.114691290999417e-06,2.8871310822205085e-08,3.114691290999417,0.028871310822205086,800.0
5,"(x < 0.0) U[0,900.0] (x > 0.0)",DelayedQualitative,Incremental,online,20000,50,0.06782894756001497,0.0010303483870679215,3.3914473780007483e-06,5.151741935339608e-08,3.3914473780007484,0.05151741935339608,900.0
5,"(x < 0.0) U[0,1000.0] (x > 0.0)",DelayedQualitative,Incremental,online,20000,50,0.07509844004000797,0.0009309242663877757,3.7549220020003988e-06,4.6546213319388785e-08,3.7549220020003986,0.04654621331938878,1000.0
5,"(x < 0.0) U[0,1100.0] (x > 0.0)",DelayedQualitative,Incremental,online,20000,50,0.08369702666001785,0.0009425015641568044,4.184851333000893e-06,4.712507820784022e-08,4.184851333000893,0.04712507820784022,1100.0
5,"(x < 0.0) U[0,1200.0] (x > 0.0)",DelayedQualitative,Incremental,online,20000,50,0.09103117413999598,0.00102701225712448,4.551558706999799e-06,5.1350612856224e-08,4.551558706999799,0.051350612856224,1200.0
5,"(x < 0.0) U[0,1300.0] (x > 0.0)",DelayedQualitative,Incremental,online,20000,50,0.09844762511998852,0.0008845894078210615,4.922381255999426e-06,4.422947039105308e-08,4.922381255999426,0.04422947039105308,1300.0
5,"(x < 0.0) U[0,1400.0] (x > 0.0)",DelayedQualitative,Incremental,online,20000,50,0.10709839335998822,0.0010192079032581487,5.354919667999411e-06,5.0960395162907436e-08,5.354919667999411,0.050960395162907436,1400.0
5,"(x < 0.0) U[0,1500.0] (x > 0.0)",DelayedQualitative,Incremental,online,20000,50,0.11325446754000495,0.0007041330060199863,5.662723377000248e-06,3.520665030099931e-08,5.662723377000248,0.035206650300999315,1500.0
5,"(x < 0.0) U[0,1600.0] (x > 0.0)",DelayedQualitative,Incremental,online,20000,50,0.12051880906000406,0.0007235175022393067,6.025940453000203e-06,3.617587511196534e-08,6.025940453000203,0.036175875111965336,1600.0
5,"(x < 0.0) U[0,1700.0] (x > 0.0)",DelayedQualitative,Incremental,online,20000,50,0.12718519001999767,0.001199942864382796,6.359259500999884e-06,5.99971432191398e-08,6.359259500999884,0.059997143219139806,1700.0
5,"(x < 0.0) U[0,1800.0] (x > 0.0)",DelayedQualitative,Incremental,online,20000,50,0.13318782407999608,0.0013772570928773902,6.6593912039998035e-06,6.886285464386951e-08,6.659391203999803,0.06886285464386951,1800.0
5,"(x < 0.0) U[0,1900.0] (x > 0.0)",DelayedQualitative,Incremental,online,20000,50,0.13841742241999555,0.0009575963933903908,6.920871120999778e-06,4.787981966951954e-08,6.920871120999778,0.04787981966951954,1900.0
5,"(x < 0.0) U[0,2000.0] (x > 0.0)",DelayedQualitative,Incremental,online,20000,50,0.14514580489999163,0.0009410265877914329,7.257290244999582e-06,4.7051329389571646e-08,7.257290244999582,0.04705132938957165,2000.0
5,"(x < 0.0) U[0,2100.0] (x > 0.0)",DelayedQualitative,Incremental,online,20000,50,0.1507093658199983,0.0008105089218966182,7.535468290999915e-06,4.0525446094830914e-08,7.535468290999915,0.040525446094830914,2100.0
5,"(x < 0.0) U[0,2200.0] (x > 0.0)",DelayedQualitative,Incremental,online,20000,50,0.1566259342199828,0.0007308671554825597,7.83129671099914e-06,3.6543357774127984e-08,7.8312967109991405,0.03654335777412798,2200.0
5,"(x < 0.0) U[0,2300.0] (x > 0.0)",DelayedQualitative,Incremental,online,20000,50,0.1616770033800185,0.000554932203205646,8.083850169000926e-06,2.7746610160282296e-08,8.083850169000925,0.027746610160282296,2300.0
5,"(x < 0.0) U[0,2400.0] (x > 0.0)",DelayedQualitative,Incremental,online,20000,50,0.1674128033599891,0.0009087720625860615,8.370640167999454e-06,4.5438603129303077e-08,8.370640167999454,0.045438603129303076,2400.0
5,"(x < 0.0) U[0,2500.0] (x > 0.0)",DelayedQualitative,Incremental,online,20000,50,0.17237892248000664,0.000769236693334178,8.618946124000332e-06,3.84618346667089e-08,8.618946124000331,0.038461834666708904,2500.0
5,"(x < 0.0) U[0,2600.0] (x > 0.0)",DelayedQualitative,Incremental,online,20000,50,0.1776532890999988,0.0006981137422315514,8.88266445499994e-06,3.490568711157757e-08,8.88266445499994,0.03490568711157757,2600.0
5,"(x < 0.0) U[0,2700.0] (x > 0.0)",DelayedQualitative,Incremental,online,20000,50,0.1830572099200026,0.000825580773627054,9.15286049600013e-06,4.12790386813527e-08,9.15286049600013,0.0412790386813527,2700.0
5,"(x < 0.0) U[0,2800.0] (x > 0.0)",DelayedQualitative,Incremental,online,20000,50,0.18808698825999726,0.0007418698633615531,9.404349412999863e-06,3.7093493168077656e-08,9.404349412999863,0.037093493168077654,2800.0
5,"(x < 0.0) U[0,2900.0] (x > 0.0)",DelayedQualitative,Incremental,online,20000,50,0.1933545892199936,0.0008941968077457764,9.66772946099968e-06,4.470984038728882e-08,9.66772946099968,0.04470984038728882,2900.0
5,"(x < 0.0) U[0,3000.0] (x > 0.0)",DelayedQualitative,Incremental,online,20000,50,0.19852082489999703,0.001205166759964121,9.926041244999852e-06,6.025833799820605e-08,9.926041244999851,0.060258337998206055,3000.0
5,"(x < 0.0) U[0,3100.0] (x > 0.0)",DelayedQualitative,Incremental,online,20000,50,0.2032550533199901,0.000816141474223384,1.0162752665999505e-05,4.08070737111692e-08,10.162752665999506,0.040807073711169206,3100.0
5,"(x < 0.0) U[0,3200.0] (x > 0.0)",DelayedQualitative,Incremental,online,20000,50,0.20841675921999922,0.0010892127666570057,1.0420837960999961e-05,5.446063833285028e-08,10.420837960999961,0.05446063833285028,3200.0
5,"(x < 0.0) U[0,3300.0] (x > 0.0)",DelayedQualitative,Incremental,online,20000,50,0.213099761700023,0.0007712245261535289,1.065498808500115e-05,3.856122630767644e-08,10.65498808500115,0.038561226307676444,3300.0
5,"(x < 0.0) U[0,3400.0] (x > 0.0)",DelayedQualitative,Incremental,online,20000,50,0.21759414421999282,0.000715210996122359,1.087970721099964e-05,3.5760549806117944e-08,10.87970721099964,0.035760549806117946,3400.0
5,"(x < 0.0) U[0,3500.0] (x > 0.0)",DelayedQualitative,Incremental,online,20000,50,0.22234273836003923,0.0010343617058375801,1.1117136918001961e-05,5.171808529187901e-08,11.117136918001961,0.05171808529187901,3500.0
5,"(x < 0.0) U[0,3600.0] (x > 0.0)",DelayedQualitative,Incremental,online,20000,50,0.22690606587999354,0.0007678309699075618,1.1345303293999677e-05,3.8391548495378086e-08,11.345303293999677,0.03839154849537808,3600.0
5,"(x < 0.0) U[0,3700.0] (x > 0.0)",DelayedQualitative,Incremental,online,20000,50,0.23144614749998255,0.0011203544696753362,1.1572307374999128e-05,5.6017723483766814e-08,11.572307374999127,0.05601772348376682,3700.0
5,"(x < 0.0) U[0,3800.0] (x > 0.0)",DelayedQualitative,Incremental,online,20000,50,0.2365469866799822,0.000879875959936111,1.182734933399911e-05,4.3993797996805546e-08,11.82734933399911,0.04399379799680555,3800.0
5,"(x < 0.0) U[0,3900.0] (x > 0.0)",DelayedQualitative,Incremental,online,20000,50,0.24230671329997222,0.001416100864972413,1.211533566499861e-05,7.080504324862065e-08,12.11533566499861,0.07080504324862065,3900.0
5,"(x < 0.0) U[0,4000.0] (x > 0.0)",DelayedQualitative,Incremental,online,20000,50,0.24731712239998616,0.001656703882573871,1.2365856119999308e-05,8.283519412869356e-08,12.365856119999307,0.08283519412869356,4000.0
5,"(x < 0.0) U[0,4100.0] (x > 0.0)",DelayedQualitative,Incremental,online,20000,50,0.26266245676002653,0.02037709387517731,1.3133122838001326e-05,1.0188546937588655e-06,13.133122838001325,1.0188546937588654,4100.0
5,"(x < 0.0) U[0,4200.0] (x > 0.0)",DelayedQualitative,Incremental,online,20000,50,0.26746741251999084,0.014637988727277626,1.3373370625999541e-05,7.318994363638813e-07,13.373370625999542,0.7318994363638813,4200.0
5,"(x < 0.0) U[0,4300.0] (x > 0.0)",DelayedQualitative,Incremental,online,20000,50,0.2785710150200157,0.02624988410817199,1.3928550751000784e-05,1.3124942054085996e-06,13.928550751000785,1.3124942054085995,4300.0
5,"(x < 0.0) U[0,4400.0] (x > 0.0)",DelayedQualitative,Incremental,online,20000,50,0.27012724330000765,0.0011492106625382453,1.3506362165000383e-05,5.7460533126912264e-08,13.506362165000382,0.05746053312691227,4400.0
5,"(x < 0.0) U[0,4500.0] (x > 0.0)",DelayedQualitative,Incremental,online,20000,50,0.2794782549800084,0.01275688539174852,1.397391274900042e-05,6.37844269587426e-07,13.97391274900042,0.6378442695874259,4500.0
5,"(x < 0.0) U[0,4600.0] (x > 0.0)",DelayedQualitative,Incremental,online,20000,50,0.28947215331998905,0.027802162190577462,1.4473607665999452e-05,1.390108109528873e-06,14.473607665999452,1.3901081095288732,4600.0
5,"(x < 0.0) U[0,4700.0] (x > 0.0)",DelayedQualitative,Incremental,online,20000,50,0.28668723836000026,0.011090426485375848,1.4334361918000013e-05,5.545213242687924e-07,14.334361918000013,0.5545213242687923,4700.0
5,"(x < 0.0) U[0,4800.0] (x > 0.0)",DelayedQualitative,Incremental,online,20000,50,0.30432993999999325,0.026832911161269193,1.5216496999999662e-05,1.3416455580634596e-06,15.216496999999663,1.3416455580634596,4800.0
5,"(x < 0.0) U[0,4900.0] (x > 0.0)",DelayedQualitative,Incremental,online,20000,50,0.3002949924400173,0.023189746399279638,1.5014749622000863e-05,1.1594873199639819e-06,15.014749622000863,1.159487319963982,4900.0
5,"(x < 0.0) U[0,5000.0] (x > 0.0)",DelayedQualitative,Incremental,online,20000,50,0.30913312169999246,0.019863884341654724,1.5456656084999624e-05,9.931942170827362e-07,15.456656084999624,0.9931942170827363,5000.0
6,"G[0,1.0] (x > 0.0)",DelayedQualitative,Incremental,online,20000,50,0.0043650091200015595,0.00011239880432096137,2.1825045600007798e-07,5.619940216048069e-09,0.21825045600007797,0.005619940216048069,1.0
6,"G[0,100.0] (x > 0.0)",DelayedQualitative,Incremental,online,20000,50,0.004234881700003825,7.979452252575882e-05,2.1174408500019125e-07,3.9897261262879405e-09,0.21174408500019126,0.003989726126287941,100.0
6,"G[0,200.0] (x > 0.0)",DelayedQualitative,Incremental,online,20000,50,0.004314369919984529,0.00010383051446318854,2.1571849599922645e-07,5.191525723159426e-09,0.21571849599922643,0.005191525723159426,200.0
6,"G[0,300.0] (x > 0.0)",DelayedQualitative,Incremental,online,20000,50,0.004206491679997271,9.12242412794469e-05,2.1032458399986355e-07,4.5612120639723445e-09,0.21032458399986353,0.004561212063972344,300.0
6,"G[0,400.0] (x > 0.0)",DelayedQualitative,Incremental,online,20000,50,0.004364258359992164,9.61115051667644e-05,2.1821291799960818e-07,4.80557525833822e-09,0.21821291799960818,0.00480557525833822,400.0
6,"G[0,500.0] (x > 0.0)",DelayedQualitative,Incremental,online,20000,50,0.004232090919986149,0.0001345047764317058,2.1160454599930743e-07,6.7252388215852895e-09,0.21160454599930745,0.00672523882158529,500.0
6,"G[0,600.0] (x > 0.0)",DelayedQualitative,Incremental,online,20000,50,0.004273218279990942,8.805283328215251e-05,2.1366091399954713e-07,4.4026416641076254e-09,0.21366091399954712,0.004402641664107625,600.0
6,"G[0,700.0] (x > 0.0)",DelayedQualitative,Incremental,online,20000,50,0.004275105059991802,0.00011734745932115298,2.137552529995901e-07,5.867372966057649e-09,0.2137552529995901,0.005867372966057649,700.0
6,"G[0,800.0] (x > 0.0)",DelayedQualitative,Incremental,online,20000,50,0.004092157459999726,8.932492128101555e-05,2.0460787299998628e-07,4.466246064050778e-09,0.20460787299998628,0.004466246064050778,800.0
6,"G[0,900.0] (x > 0.0)",DelayedQualitative,Incremental,online,20000,50,0.00432561082002394,0.00022739494487980353,2.16280541001197e-07,1.1369747243990177e-08,0.216280541001197,0.011369747243990177,900.0
6,"G[0,1000.0] (x > 0.0)",DelayedQualitative,Incremental,online,20000,50,0.004210661700008131,0.00011395096597561839,2.1053308500040656e-07,5.697548298780919e-09,0.21053308500040657,0.0056975482987809195,1000.0
6,"G[0,1100.0] (x > 0.0)",DelayedQualitative,Incremental,online,20000,50,0.004191571639985341,0.00011236644841352527,2.0957858199926702e-07,5.618322420676263e-09,0.20957858199926702,0.005618322420676263,1100.0
6,"G[0,1200.0] (x > 0.0)",DelayedQualitative,Incremental,online,20000,50,0.004185505760005981,0.00010344351277434927,2.0927528800029904e-07,5.172175638717464e-09,0.20927528800029904,0.005172175638717464,1200.0
6,"G[0,1300.0] (x > 0.0)",DelayedQualitative,Incremental,online,20000,50,0.004086192580007264,0.0001700777264226967,2.043096290003632e-07,8.503886321134835e-09,0.2043096290003632,0.008503886321134834,1300.0
6,"G[0,1400.0] (x > 0.0)",DelayedQualitative,Incremental,online,20000,50,0.004199670859993603,0.00015664039080281978,2.0998354299968016e-07,7.832019540140989e-09,0.20998354299968017,0.007832019540140988,1400.0
6,"G[0,1500.0] (x > 0.0)",DelayedQualitative,Incremental,online,20000,50,0.004192114960005711,8.940003073195784e-05,2.0960574800028552e-07,4.470001536597892e-09,0.20960574800028553,0.0044700015365978915,1500.0
6,"G[0,1600.0] (x > 0.0)",DelayedQualitative,Incremental,online,20000,50,0.004143278339979588,9.989701451229926e-05,2.071639169989794e-07,4.9948507256149635e-09,0.2071639169989794,0.004994850725614963,1600.0
6,"G[0,1700.0] (x > 0.0)",DelayedQualitative,Incremental,online,20000,50,0.004079170699988026,0.00013785768331765172,2.039585349994013e-07,6.892884165882586e-09,0.20395853499940128,0.0068928841658825865,1700.0
6,"G[0,1800.0] (x > 0.0)",DelayedQualitative,Incremental,online,20000,50,0.0041940533999695615,9.789107755237949e-05,2.0970266999847807e-07,4.894553877618974e-09,0.20970266999847806,0.004894553877618974,1800.0
6,"G[0,1900.0] (x > 0.0)",DelayedQualitative,Incremental,online,20000,50,0.004029067460000988,0.00011052531005142787,2.014533730000494e-07,5.526265502571393e-09,0.2014533730000494,0.005526265502571393,1900.0
6,"G[0,2000.0] (x > 0.0)",DelayedQualitative,Incremental,online,20000,50,0.0042577858600043325,9.543758810092873e-05,2.1288929300021663e-07,4.771879405046436e-09,0.21288929300021664,0.004771879405046436,2000.0
6,"G[0,2100.0] (x > 0.0)",DelayedQualitative,Incremental,online,20000,50,0.004133575000018937,0.00012507360494328068,2.0667875000094684e-07,6.2536802471640335e-09,0.20667875000094685,0.006253680247164033,2100.0
6,"G[0,2200.0] (x > 0.0)",DelayedQualitative,Incremental,online,20000,50,0.004037697459998526,3.7575362977936694e-05,2.018848729999263e-07,1.8787681488968347e-09,0.2018848729999263,0.0018787681488968346,2200.0
6,"G[0,2300.0] (x > 0.0)",DelayedQualitative,Incremental,online,20000,50,0.004134495019975475,9.244645054639634e-05,2.0672475099877372e-07,4.622322527319817e-09,0.20672475099877372,0.004622322527319817,2300.0
6,"G[0,2400.0] (x > 0.0)",DelayedQualitative,Incremental,online,20000,50,0.004119885780010008,0.00013741846691571634,2.059942890005004e-07,6.870923345785817e-09,0.2059942890005004,0.006870923345785817,2400.0
6,"G[0,2500.0] (x > 0.0)",DelayedQualitative,Incremental,online,20000,50,0.003952604960004464,3.47169819069938e-05,1.976302480002232e-07,1.7358490953496901e-09,0.1976302480002232,0.0017358490953496902,2500.0
6,"G[0,2600.0] (x > 0.0)",DelayedQualitative,Incremental,online,20000,50,0.004214831600006619,0.00014443638039534504,2.1074158000033093e-07,7.221819019767252e-09,0.21074158000033094,0.007221819019767252,2600.0
6,"G[0,2700.0] (x > 0.0)",DelayedQualitative,Incremental,online,20000,50,0.004037962539991895,0.0001044813718297007,2.0189812699959476e-07,5.224068591485035e-09,0.20189812699959475,0.005224068591485035,2700.0
6,"G[0,2800.0] (x > 0.0)",DelayedQualitative,Incremental,online,20000,50,0.004207906700012245,0.00018304909585635659,2.1039533500061227e-07,9.15245479281783e-09,0.21039533500061228,0.00915245479281783,2800.0
6,"G[0,2900.0] (x > 0.0)",DelayedQualitative,Incremental,online,20000,50,0.004087719940011994,7.622409238912534e-05,2.0438599700059968e-07,3.8112046194562674e-09,0.20438599700059967,0.0038112046194562674,2900.0
6,"G[0,3000.0] (x > 0.0)",DelayedQualitative,Incremental,online,20000,50,0.004162258399956045,9.449550466790005e-05,2.0811291999780225e-07,4.724775233395002e-09,0.20811291999780224,0.004724775233395003,3000.0
6,"G[0,3100.0] (x > 0.0)",DelayedQualitative,Incremental,online,20000,50,0.00409746575997815,9.499944888681517e-05,2.0487328799890748e-07,4.7499724443407585e-09,0.20487328799890747,0.0047499724443407585,3100.0
6,"G[0,3200.0] (x > 0.0)",DelayedQualitative,Incremental,online,20000,50,0.004141891619997296,7.486983788790534e-05,2.0709458099986477e-07,3.743491894395267e-09,0.20709458099986477,0.003743491894395267,3200.0
6,"G[0,3300.0] (x > 0.0)",DelayedQualitative,Incremental,online,20000,50,0.004053936659993269,7.266455347977477e-05,2.0269683299966347e-07,3.6332276739887386e-09,0.20269683299966348,0.0036332276739887387,3300.0
6,"G[0,3400.0] (x > 0.0)",DelayedQualitative,Incremental,online,20000,50,0.004183444179998333,9.284472150836578e-05,2.0917220899991665e-07,4.642236075418289e-09,0.20917220899991665,0.00464223607541829,3400.0
6,"G[0,3500.0] (x > 0.0)",DelayedQualitative,Incremental,online,20000,50,0.004053239240010953,7.094837985731612e-05,2.0266196200054765e-07,3.547418992865806e-09,0.20266196200054765,0.003547418992865806,3500.0
6,"G[0,3600.0] (x > 0.0)",DelayedQualitative,Incremental,online,20000,50,0.0040998833399862634,8.34605860921989e-05,2.0499416699931317e-07,4.173029304609945e-09,0.20499416699931317,0.004173029304609945,3600.0
6,"G[0,3700.0] (x > 0.0)",DelayedQualitative,Incremental,online,20000,50,0.00406493658002546,7.812493638640339e-05,2.03246829001273e-07,3.906246819320169e-09,0.203246829001273,0.0039062468193201694,3700.0
6,"G[0,3800.0] (x > 0.0)",DelayedQualitative,Incremental,online,20000,50,0.00424374338000689,0.00012985327044460516,2.121871690003445e-07,6.492663522230258e-09,0.2121871690003445,0.006492663522230258,3800.0
6,"G[0,3900.0] (x > 0.0)",DelayedQualitative,Incremental,online,20000,50,0.0040791424199960605,7.730644783681072e-05,2.0395712099980303e-07,3.865322391840536e-09,0.20395712099980304,0.003865322391840536,3900.0
6,"G[0,4000.0] (x > 0.0)",DelayedQualitative,Incremental,online,20000,50,0.004112300819974735,7.979767357937424e-05,2.0561504099873675e-07,3.989883678968712e-09,0.20561504099873676,0.003989883678968712,4000.0
6,"G[0,4100.0] (x > 0.0)",DelayedQualitative,Incremental,online,20000,50,0.0040363784000010125,8.70280371911506e-05,2.0181892000005063e-07,4.35140185955753e-09,0.20181892000005064,0.00435140185955753,4100.0
6,"G[0,4200.0] (x > 0.0)",DelayedQualitative,Incremental,online,20000,50,0.004110690840011557,8.102067571642164e-05,2.0553454200057786e-07,4.051033785821082e-09,0.20553454200057786,0.004051033785821083,4200.0
6,"G[0,4300.0] (x > 0.0)",DelayedQualitative,Incremental,online,20000,50,0.004094365800015111,0.00011289350685667796,2.0471829000075557e-07,5.644675342833898e-09,0.20471829000075556,0.005644675342833898,4300.0
6,"G[0,4400.0] (x > 0.0)",DelayedQualitative,Incremental,online,20000,50,0.004167854120014454,9.449369094070274e-05,2.0839270600072268e-07,4.724684547035137e-09,0.20839270600072268,0.004724684547035137,4400.0
6,"G[0,4500.0] (x > 0.0)",DelayedQualitative,Incremental,online,20000,50,0.00404615745999763,6.712240194506203e-05,2.023078729998815e-07,3.3561200972531017e-09,0.2023078729998815,0.0033561200972531016,4500.0
6,"G[0,4600.0] (x > 0.0)",DelayedQualitative,Incremental,online,20000,50,0.004163184999988516,0.00010163381272798187,2.081592499994258e-07,5.081690636399094e-09,0.2081592499994258,0.005081690636399094,4600.0
6,"G[0,4700.0] (x > 0.0)",DelayedQualitative,Incremental,online,20000,50,0.004035070000018095,8.699011339833073e-05,2.0175350000090474e-07,4.349505669916537e-09,0.20175350000090475,0.004349505669916537,4700.0
6,"G[0,4800.0] (x > 0.0)",DelayedQualitative,Incremental,online,20000,50,0.004139676660015539,9.476188667976257e-05,2.0698383300077694e-07,4.738094333988129e-09,0.20698383300077694,0.004738094333988129,4800.0
6,"G[0,4900.0] (x > 0.0)",DelayedQualitative,Incremental,online,20000,50,0.004049202480005078,9.646066507299826e-05,2.024601240002539e-07,4.823033253649912e-09,0.2024601240002539,0.004823033253649913,4900.0
6,"G[0,5000.0] (x > 0.0)",DelayedQualitative,Incremental,online,20000,50,0.00409986088000096,8.778012293337496e-05,2.0499304400004803e-07,4.389006146668748e-09,0.20499304400004803,0.004389006146668748,5000.0
7,"F[0,1.0] (x > 0.0)",DelayedQualitative,Incremental,online,20000,50,0.004268761579987767,8.185770606911244e-05,2.1343807899938837e-07,4.092885303455622e-09,0.21343807899938835,0.004092885303455622,1.0
7,"F[0,100.0] (x > 0.0)",DelayedQualitative,Incremental,online,20000,50,0.004142493420017672,9.125297609474294e-05,2.071246710008836e-07,4.562648804737147e-09,0.2071246710008836,0.0045626488047371475,100.0
7,"F[0,200.0] (x > 0.0)",DelayedQualitative,Incremental,online,20000,50,0.00412148927997805,9.76053975992879e-05,2.0607446399890252e-07,4.880269879964395e-09,0.20607446399890253,0.004880269879964395,200.0
7,"F[0,300.0] (x > 0.0)",DelayedQualitative,Incremental,online,20000,50,0.004295264300008057,0.00013870018439133584,2.1476321500040283e-07,6.935009219566792e-09,0.21476321500040282,0.0069350092195667925,300.0
7,"F[0,400.0] (x > 0.0)",DelayedQualitative,Incremental,online,20000,50,0.00415440758000841,0.00015610751392554874,2.077203790004205e-07,7.805375696277437e-09,0.2077203790004205,0.007805375696277437,400.0
7,"F[0,500.0] (x > 0.0)",DelayedQualitative,Incremental,online,20000,50,0.004218607560010241,0.00011879195473163104,2.1093037800051208e-07,5.939597736581552e-09,0.21093037800051206,0.005939597736581552,500.0
7,"F[0,600.0] (x > 0.0)",DelayedQualitative,Incremental,online,20000,50,0.004221318239992797,0.00017901402921818025,2.1106591199963987e-07,8.950701460909012e-09,0.21106591199963987,0.008950701460909012,600.0
7,"F[0,700.0] (x > 0.0)",DelayedQualitative,Incremental,online,20000,50,0.004178102520008906,5.5256314323257114e-05,2.089051260004453e-07,2.7628157161628557e-09,0.2089051260004453,0.0027628157161628556,700.0
7,"F[0,800.0] (x > 0.0)",DelayedQualitative,Incremental,online,20000,50,0.004263964999977361,0.00010817425777961964,2.1319824999886803e-07,5.4087128889809824e-09,0.21319824999886802,0.005408712888980982,800.0
7,"F[0,900.0] (x > 0.0)",DelayedQualitative,Incremental,online,20000,50,0.004205459200011319,0.00011080197739933615,2.1027296000056596e-07,5.540098869966807e-09,0.21027296000056594,0.005540098869966807,900.0
7,"F[0,1000.0] (x > 0.0)",DelayedQualitative,Incremental,online,20000,50,0.004175727479996567,0.00011993355097012996,2.0878637399982838e-07,5.996677548506498e-09,0.20878637399982838,0.005996677548506498,1000.0
7,"F[0,1100.0] (x > 0.0)",DelayedQualitative,Incremental,online,20000,50,0.004416680900026222,9.567166911781691e-05,2.208340450013111e-07,4.783583455890846e-09,0.2208340450013111,0.004783583455890846,1100.0
7,"F[0,1200.0] (x > 0.0)",DelayedQualitative,Incremental,online,20000,50,0.004085783360005734,3.6787858676024346e-05,2.0428916800028673e-07,1.8393929338012173e-09,0.20428916800028674,0.0018393929338012174,1200.0
7,"F[0,1300.0] (x > 0.0)",DelayedQualitative,Incremental,online,20000,50,0.004278168359974188,9.094589941729263e-05,2.139084179987094e-07,4.5472949708646316e-09,0.2139084179987094,0.004547294970864631,1300.0
7,"F[0,1400.0] (x > 0.0)",DelayedQualitative,Incremental,online,20000,50,0.004115218299989465,0.00014341102897104548,2.0576091499947325e-07,7.170551448552274e-09,0.20576091499947324,0.007170551448552274,1400.0
7,"F[0,1500.0] (x > 0.0)",DelayedQualitative,Incremental,online,20000,50,0.00409396924000248,0.00011681342946431263,2.04698462000124e-07,5.8406714732156315e-09,0.20469846200012398,0.005840671473215631,1500.0
7,"F[0,1600.0] (x > 0.0)",DelayedQualitative,Incremental,online,20000,50,0.004196205780003765,9.515826726290992e-05,2.0981028900018827e-07,4.757913363145496e-09,0.20981028900018828,0.004757913363145496,1600.0
7,"F[0,1700.0] (x > 0.0)",DelayedQualitative,Incremental,online,20000,50,0.004152304239987643,0.00010990548041332171,2.0761521199938217e-07,5.4952740206660854e-09,0.20761521199938215,0.005495274020666086,1700.0
7,"F[0,1800.0] (x > 0.0)",DelayedQualitative,Incremental,online,20000,50,0.004108970839993163,0.00011394421839706738,2.0544854199965812e-07,5.6972109198533686e-09,0.20544854199965812,0.005697210919853368,1800.0
7,"F[0,1900.0] (x > 0.0)",DelayedQualitative,Incremental,online,20000,50,0.004233514939996894,0.00010311300474283625,2.1167574699984473e-07,5.1556502371418125e-09,0.21167574699984473,0.005155650237141813,1900.0
7,"F[0,2000.0] (x > 0.0)",DelayedQualitative,Incremental,online,20000,50,0.0040237942800058595,0.000138961456746153,2.0118971400029298e-07,6.94807283730765e-09,0.20118971400029298,0.00694807283730765,2000.0
7,"F[0,2100.0] (x > 0.0)",DelayedQualitative,Incremental,online,20000,50,0.004387904199988952,0.000122664876108078,2.193952099994476e-07,6.133243805403899e-09,0.21939520999944762,0.006133243805403899,2100.0
7,"F[0,2200.0] (x > 0.0)",DelayedQualitative,Incremental,online,20000,50,0.004185197580009117,9.57133542854801e-05,2.0925987900045586e-07,4.785667714274005e-09,0.20925987900045587,0.004785667714274005,2200.0
7,"F[0,2300.0] (x > 0.0)",DelayedQualitative,Incremental,online,20000,50,0.00427678924000702,8.226949725399496e-05,2.1383946200035098e-07,4.113474862699748e-09,0.21383946200035098,0.004113474862699748,2300.0
7,"F[0,2400.0] (x > 0.0)",DelayedQualitative,Incremental,online,20000,50,0.00426106083999457,0.0001818306310600613,2.1305304199972851e-07,9.091531553003064e-09,0.21305304199972852,0.009091531553003065,2400.0
7,"F[0,2500.0] (x > 0.0)",DelayedQualitative,Incremental,online,20000,50,0.004248210860000654,0.00015371924984523705,2.1241054300003268e-07,7.685962492261853e-09,0.21241054300003268,0.007685962492261852,2500.0
7,"F[0,2600.0] (x > 0.0)",DelayedQualitative,Incremental,online,20000,50,0.00418254916000933,8.97502132817791e-05,2.0912745800046651e-07,4.487510664088955e-09,0.2091274580004665,0.004487510664088955,2600.0
7,"F[0,2700.0] (x > 0.0)",DelayedQualitative,Incremental,online,20000,50,0.004303686599987486,0.00011590357905012128,2.151843299993743e-07,5.795178952506064e-09,0.21518432999937429,0.005795178952506064,2700.0
7,"F[0,2800.0] (x > 0.0)",DelayedQualitative,Incremental,online,20000,50,0.004135048319990346,8.830880396085172e-05,2.0675241599951732e-07,4.415440198042586e-09,0.20675241599951732,0.004415440198042586,2800.0
7,"F[0,2900.0] (x > 0.0)",DelayedQualitative,Incremental,online,20000,50,0.004184035020002739,7.484430675537935e-05,2.0920175100013695e-07,3.742215337768967e-09,0.20920175100013694,0.003742215337768967,2900.0
7,"F[0,3000.0] (x > 0.0)",DelayedQualitative,Incremental,online,20000,50,0.004138196680000874,9.109415314999546e-05,2.0690983400004373e-07,4.554707657499773e-09,0.20690983400004373,0.004554707657499773,3000.0
7,"F[0,3100.0] (x > 0.0)",DelayedQualitative,Incremental,online,20000,50,0.004185570860026928,9.266246027781883e-05,2.0927854300134637e-07,4.633123013890941e-09,0.20927854300134638,0.004633123013890941,3100.0
7,"F[0,3200.0] (x > 0.0)",DelayedQualitative,Incremental,online,20000,50,0.004099886600010904,8.172762118945632e-05,2.0499433000054522e-07,4.086381059472816e-09,0.20499433000054523,0.0040863810594728165,3200.0
7,"F[0,3300.0] (x > 0.0)",DelayedQualitative,Incremental,online,20000,50,0.004290094139992107,0.0001512937805314936,2.1450470699960533e-07,7.56468902657468e-09,0.21450470699960533,0.007564689026574679,3300.0
7,"F[0,3400.0] (x > 0.0)",DelayedQualitative,Incremental,online,20000,50,0.004122971719998532,8.785075798276811e-05,2.0614858599992658e-07,4.392537899138405e-09,0.20614858599992658,0.004392537899138405,3400.0
7,"F[0,3500.0] (x > 0.0)",DelayedQualitative,Incremental,online,20000,50,0.00414995237999392,9.759188703913347e-05,2.07497618999696e-07,4.879594351956674e-09,0.20749761899969602,0.004879594351956674,3500.0
7,"F[0,3600.0] (x > 0.0)",DelayedQualitative,Incremental,online,20000,50,0.004139208340006917,8.81587465201922e-05,2.0696041700034585e-07,4.40793732600961e-09,0.20696041700034584,0.004407937326009611,3600.0
7,"F[0,3700.0] (x > 0.0)",DelayedQualitative,Incremental,online,20000,50,0.004140950100018017,6.497979506222868e-05,2.0704750500090087e-07,3.248989753111434e-09,0.20704750500090086,0.0032489897531114338,3700.0
7,"F[0,3800.0] (x > 0.0)",DelayedQualitative,Incremental,online,20000,50,0.004204901660009455,9.638753550879726e-05,2.1024508300047272e-07,4.819376775439863e-09,0.21024508300047273,0.004819376775439863,3800.0
7,"F[0,3900.0] (x > 0.0)",DelayedQualitative,Incremental,online,20000,50,0.004155796700024439,7.636265325652435e-05,2.0778983500122197e-07,3.818132662826218e-09,0.20778983500122197,0.0038181326628262176,3900.0
7,"F[0,4000.0] (x > 0.0)",DelayedQualitative,Incremental,online,20000,50,0.00411446831999001,0.00010480077009610021,2.0572341599950048e-07,5.24003850480501e-09,0.20572341599950048,0.00524003850480501,4000.0
7,"F[0,4100.0] (x > 0.0)",DelayedQualitative,Incremental,online,20000,50,0.004208997540008568,0.00010355509558892803,2.104498770004284e-07,5.177754779446401e-09,0.2104498770004284,0.005177754779446401,4100.0
7,"F[0,4200.0] (x > 0.0)",DelayedQualitative,Incremental,online,20000,50,0.004011688340001456,7.965636132616949e-05,2.0058441700007281e-07,3.9828180663084745e-09,0.20058441700007282,0.003982818066308474,4200.0
7,"F[0,4300.0] (x > 0.0)",DelayedQualitative,Incremental,online,20000,50,0.004027822539992485,8.032015170838322e-05,2.0139112699962425e-07,4.016007585419161e-09,0.20139112699962425,0.004016007585419161,4300.0
7,"F[0,4400.0] (x > 0.0)",DelayedQualitative,Incremental,online,20000,50,0.00411046996001005,0.00010380272336904081,2.055234980005025e-07,5.19013616845204e-09,0.20552349800050249,0.00519013616845204,4400.0
7,"F[0,4500.0] (x > 0.0)",DelayedQualitative,Incremental,online,20000,50,0.004089375879989348,0.00015264325150808348,2.044687939994674e-07,7.632162575404174e-09,0.2044687939994674,0.007632162575404174,4500.0
7,"F[0,4600.0] (x > 0.0)",DelayedQualitative,Incremental,online,20000,50,0.00395974835999823,0.0001138706190609183,1.979874179999115e-07,5.6935309530459145e-09,0.1979874179999115,0.005693530953045914,4600.0
7,"F[0,4700.0] (x > 0.0)",DelayedQualitative,Incremental,online,20000,50,0.004183059139991201,0.0001333435720725316,2.0915295699956007e-07,6.667178603626581e-09,0.20915295699956007,0.006667178603626581,4700.0
7,"F[0,4800.0] (x > 0.0)",DelayedQualitative,Incremental,online,20000,50,0.0040389674000152805,0.00014314292215168167,2.0194837000076402e-07,7.1571461075840834e-09,0.20194837000076402,0.007157146107584084,4800.0
7,"F[0,4900.0] (x > 0.0)",DelayedQualitative,Incremental,online,20000,50,0.0040595715799872775,0.00011905460751662398,2.0297857899936387e-07,5.952730375831199e-09,0.20297857899936386,0.005952730375831199,4900.0
7,"F[0,5000.0] (x > 0.0)",DelayedQualitative,Incremental,online,20000,50,0.004022842580011457,0.00014252639650834268,2.0114212900057284e-07,7.126319825417134e-09,0.20114212900057285,0.007126319825417134,5000.0
1,(x < 0.5) and (x > -0.5),EagerQualitative,Incremental,online,20000,50,0.004707209179982783,8.937202748426444e-05,2.3536045899913916e-07,4.468601374213222e-09,0.23536045899913915,0.004468601374213222,0.0
2,"G[0,1000] (x > 0.5 -> F[0,100] (x < 0.0))",EagerQualitative,Incremental,online,20000,50,0.006803685840000071,0.00010925251765446126,3.401842920000035e-07,5.462625882723063e-09,0.3401842920000035,0.005462625882723063,1100.0
3,"(x < 0.5) U[0,1000] (x < 0.0)",EagerQualitative,Incremental,online,20000,50,0.024048373300001914,0.0002404180070559778,1.2024186650000957e-06,1.2020900352798889e-08,1.2024186650000956,0.012020900352798888,1000.0
4,"(G[0,100] (x < 0.5)) or (G[100,150] (x > 0.0))",EagerQualitative,Incremental,online,20000,50,0.006815738300001612,8.154987024258351e-05,3.4078691500008063e-07,4.077493512129175e-09,0.3407869150000806,0.004077493512129175,150.0
5,"(x < 0.0) U[0,1.0] (x > 0.0)",EagerQualitative,Incremental,online,20000,50,0.007061303340001359,0.0001057448800259984,3.5306516700006794e-07,5.28724400129992e-09,0.35306516700006796,0.005287244001299919,1.0
5,"(x < 0.0) U[0,100.0] (x > 0.0)",EagerQualitative,Incremental,online,20000,50,0.012975846599988471,0.00012974019034439589,6.487923299994236e-07,6.4870095172197945e-09,0.6487923299994236,0.006487009517219795,100.0
5,"(x < 0.0) U[0,200.0] (x > 0.0)",EagerQualitative,Incremental,online,20000,50,0.01470934581999245,0.00017240388338678618,7.354672909996225e-07,8.62019416933931e-09,0.7354672909996225,0.00862019416933931,200.0
5,"(x < 0.0) U[0,300.0] (x > 0.0)",EagerQualitative,Incremental,online,20000,50,0.01691755075999481,0.00020345510079176855,8.458775379997405e-07,1.0172755039588428e-08,0.8458775379997404,0.010172755039588428,300.0
5,"(x < 0.0) U[0,400.0] (x > 0.0)",EagerQualitative,Incremental,online,20000,50,0.019125674240003717,0.00016775168703862903,9.562837120001858e-07,8.387584351931451e-09,0.9562837120001858,0.008387584351931451,400.0
5,"(x < 0.0) U[0,500.0] (x > 0.0)",EagerQualitative,Incremental,online,20000,50,0.021260350800002926,0.00020156385331881888,1.0630175400001462e-06,1.0078192665940944e-08,1.0630175400001463,0.010078192665940944,500.0
5,"(x < 0.0) U[0,600.0] (x > 0.0)",EagerQualitative,Incremental,online,20000,50,0.023526617539969267,0.0001998095914582302,1.1763308769984634e-06,9.99047957291151e-09,1.1763308769984635,0.00999047957291151,600.0
5,"(x < 0.0) U[0,700.0] (x > 0.0)",EagerQualitative,Incremental,online,20000,50,0.025656881620016066,0.000285469210596823,1.2828440810008034e-06,1.427346052984115e-08,1.2828440810008033,0.01427346052984115,700.0
5,"(x < 0.0) U[0,800.0] (x > 0.0)",EagerQualitative,Incremental,online,20000,50,0.027615414940000846,0.000343990610699247,1.3807707470000422e-06,1.719953053496235e-08,1.380770747000042,0.01719953053496235,800.0
5,"(x < 0.0) U[0,900.0] (x > 0.0)",EagerQualitative,Incremental,online,20000,50,0.029883677380003065,0.0004165815472871764,1.4941838690001532e-06,2.082907736435882e-08,1.4941838690001532,0.020829077364358822,900.0
5,"(x < 0.0) U[0,1000.0] (x > 0.0)",EagerQualitative,Incremental,online,20000,50,0.031923559119995844,0.00034714692595386523,1.5961779559997922e-06,1.7357346297693262e-08,1.5961779559997922,0.01735734629769326,1000.0
5,"(x < 0.0) U[0,1100.0] (x > 0.0)",EagerQualitative,Incremental,online,20000,50,0.03383258669999122,0.00022385810432510624,1.691629334999561e-06,1.1192905216255313e-08,1.691629334999561,0.011192905216255312,1100.0
5,"(x < 0.0) U[0,1200.0] (x > 0.0)",EagerQualitative,Incremental,online,20000,50,0.036000927460008825,0.00034901888646055225,1.8000463730004412e-06,1.7450944323027612e-08,1.8000463730004412,0.01745094432302761,1200.0
5,"(x < 0.0) U[0,1300.0] (x > 0.0)",EagerQualitative,Incremental,online,20000,50,0.03821216336001726,0.0006301734606709666,1.910608168000863e-06,3.150867303354833e-08,1.910608168000863,0.031508673033548325,1300.0
5,"(x < 0.0) U[0,1400.0] (x > 0.0)",EagerQualitative,Incremental,online,20000,50,0.03988937999999507,0.0004592798769737969,1.9944689999997534e-06,2.2963993848689844e-08,1.9944689999997534,0.022963993848689843,1400.0
5,"(x < 0.0) U[0,1500.0] (x > 0.0)",EagerQualitative,Incremental,online,20000,50,0.042044564219991115,0.0005360012990858498,2.1022282109995556e-06,2.6800064954292487e-08,2.102228210999556,0.026800064954292487,1500.0
5,"(x < 0.0) U[0,1600.0] (x > 0.0)",EagerQualitative,Incremental,online,20000,50,0.04408938910000416,0.0005304411954812625,2.204469455000208e-06,2.6522059774063123e-08,2.204469455000208,0.026522059774063123,1600.0
5,"(x < 0.0) U[0,1700.0] (x > 0.0)",EagerQualitative,Incremental,online,20000,50,0.046254698299990196,0.0006365650783748301,2.31273491499951e-06,3.182825391874151e-08,2.3127349149995102,0.03182825391874151,1700.0
5,"(x < 0.0) U[0,1800.0] (x > 0.0)",EagerQualitative,Incremental,online,20000,50,0.047920982479995475,0.0005777865803241297,2.3960491239997738e-06,2.8889329016206487e-08,2.3960491239997737,0.028889329016206486,1800.0
5,"(x < 0.0) U[0,1900.0] (x > 0.0)",EagerQualitative,Incremental,online,20000,50,0.04978864829999566,0.0004017250262667148,2.489432414999783e-06,2.008625131333574e-08,2.489432414999783,0.020086251313335742,1900.0
5,"(x < 0.0) U[0,2000.0] (x > 0.0)",EagerQualitative,Incremental,online,20000,50,0.05234011409998402,0.000835634504014151,2.617005704999201e-06,4.1781725200707545e-08,2.617005704999201,0.041781725200707547,2000.0
5,"(x < 0.0) U[0,2100.0] (x > 0.0)",EagerQualitative,Incremental,online,20000,50,0.053976614180010075,0.0004930429237788568,2.6988307090005038e-06,2.4652146188942837e-08,2.6988307090005037,0.024652146188942837,2100.0
5,"(x < 0.0) U[0,2200.0] (x > 0.0)",EagerQualitative,Incremental,online,20000,50,0.055676125800014235,0.000682415163117347,2.7838062900007116e-06,3.412075815586735e-08,2.7838062900007117,0.03412075815586735,2200.0
5,"(x < 0.0) U[0,2300.0] (x > 0.0)",EagerQualitative,Incremental,online,20000,50,0.058047910900018,0.0008529259982163728,2.9023955450008997e-06,4.264629991081864e-08,2.9023955450009,0.04264629991081864,2300.0
5,"(x < 0.0) U[0,2400.0] (x > 0.0)",EagerQualitative,Incremental,online,20000,50,0.05982210422000207,0.0004997321419020533,2.9911052110001038e-06,2.4986607095102663e-08,2.9911052110001037,0.024986607095102663,2400.0
5,"(x < 0.0) U[0,2500.0] (x > 0.0)",EagerQualitative,Incremental,online,20000,50,0.0615477582999938,0.0005507809777816386,3.0773879149996903e-06,2.753904888908193e-08,3.07738791499969,0.02753904888908193,2500.0
5,"(x < 0.0) U[0,2600.0] (x > 0.0)",EagerQualitative,Incremental,online,20000,50,0.06365640999999414,0.0006415373893731069,3.182820499999707e-06,3.207686946865534e-08,3.182820499999707,0.03207686946865534,2600.0
5,"(x < 0.0) U[0,2700.0] (x > 0.0)",EagerQualitative,Incremental,online,20000,50,0.06587349265998,0.0005995530652466575,3.293674632999e-06,2.997765326233288e-08,3.293674632999,0.029977653262332878,2700.0
5,"(x < 0.0) U[0,2800.0] (x > 0.0)",EagerQualitative,Incremental,online,20000,50,0.0676293115999988,0.0007993217043037971,3.38146557999994e-06,3.996608521518986e-08,3.38146557999994,0.03996608521518986,2800.0
5,"(x < 0.0) U[0,2900.0] (x > 0.0)",EagerQualitative,Incremental,online,20000,50,0.06982638008002595,0.0007105896094234227,3.4913190040012975e-06,3.552948047117114e-08,3.4913190040012974,0.03552948047117114,2900.0
5,"(x < 0.0) U[0,3000.0] (x > 0.0)",EagerQualitative,Incremental,online,20000,50,0.07171474998000121,0.0006563469470104707,3.5857374990000606e-06,3.281734735052354e-08,3.585737499000061,0.03281734735052354,3000.0
5,"(x < 0.0) U[0,3100.0] (x > 0.0)",EagerQualitative,Incremental,online,20000,50,0.07375646588000109,0.0014378336877354588,3.6878232940000547e-06,7.189168438677294e-08,3.687823294000055,0.07189168438677293,3100.0
5,"(x < 0.0) U[0,3200.0] (x > 0.0)",EagerQualitative,Incremental,online,20000,50,0.07592723079997085,0.0008365340770586073,3.7963615399985427e-06,4.1826703852930364e-08,3.796361539998543,0.041826703852930365,3200.0
5,"(x < 0.0) U[0,3300.0] (x > 0.0)",EagerQualitative,Incremental,online,20000,50,0.07748681084000054,0.0007912444914743224,3.874340542000027e-06,3.956222457371612e-08,3.874340542000027,0.03956222457371612,3300.0
5,"(x < 0.0) U[0,3400.0] (x > 0.0)",EagerQualitative,Incremental,online,20000,50,0.07927304416002244,0.0007867576588534523,3.9636522080011224e-06,3.9337882942672615e-08,3.9636522080011223,0.03933788294267262,3400.0
5,"(x < 0.0) U[0,3500.0] (x > 0.0)",EagerQualitative,Incremental,online,20000,50,0.08113675256000988,0.0007095765886376984,4.056837628000494e-06,3.547882943188492e-08,4.056837628000494,0.03547882943188492,3500.0
5,"(x < 0.0) U[0,3600.0] (x > 0.0)",EagerQualitative,Incremental,online,20000,50,0.0825860534199819,0.0007772651545768615,4.129302670999095e-06,3.886325772884307e-08,4.129302670999095,0.038863257728843074,3600.0
5,"(x < 0.0) U[0,3700.0] (x > 0.0)",EagerQualitative,Incremental,online,20000,50,0.08470849755996823,0.0008461221274688463,4.235424877998412e-06,4.230610637344232e-08,4.235424877998412,0.042306106373442315,3700.0
5,"(x < 0.0) U[0,3800.0] (x > 0.0)",EagerQualitative,Incremental,online,20000,50,0.08627028498001436,0.0008280798544510914,4.313514249000718e-06,4.140399272255457e-08,4.313514249000718,0.04140399272255457,3800.0
5,"(x < 0.0) U[0,3900.0] (x > 0.0)",EagerQualitative,Incremental,online,20000,50,0.08798105074000886,0.0006870070635533287,4.399052537000443e-06,3.4350353177666434e-08,4.399052537000443,0.03435035317766644,3900.0
5,"(x < 0.0) U[0,4000.0] (x > 0.0)",EagerQualitative,Incremental,online,20000,50,0.08969458917998509,0.000728986817657988,4.4847294589992545e-06,3.64493408828994e-08,4.484729458999254,0.036449340882899396,4000.0
5,"(x < 0.0) U[0,4100.0] (x > 0.0)",EagerQualitative,Incremental,online,20000,50,0.11472986414000388,0.028587208224852285,5.7364932070001945e-06,1.4293604112426143e-06,5.736493207000194,1.4293604112426144,4100.0
5,"(x < 0.0) U[0,4200.0] (x > 0.0)",EagerQualitative,Incremental,online,20000,50,0.10212093662001735,0.020626376700445884,5.106046831000867e-06,1.0313188350222941e-06,5.106046831000867,1.0313188350222942,4200.0
5,"(x < 0.0) U[0,4300.0] (x > 0.0)",EagerQualitative,Incremental,online,20000,50,0.12823717165999368,0.03356035919665588,6.411858582999684e-06,1.6780179598327938e-06,6.411858582999684,1.6780179598327938,4300.0
5,"(x < 0.0) U[0,4400.0] (x > 0.0)",EagerQualitative,Incremental,online,20000,50,0.11260099336000622,0.02275577788052605,5.6300496680003105e-06,1.1377888940263024e-06,5.630049668000311,1.1377888940263023,4400.0
5,"(x < 0.0) U[0,4500.0] (x > 0.0)",EagerQualitative,Incremental,online,20000,50,0.11592709335997825,0.027517485607873912,5.796354667998913e-06,1.3758742803936955e-06,5.796354667998913,1.3758742803936956,4500.0
5,"(x < 0.0) U[0,4600.0] (x > 0.0)",EagerQualitative,Incremental,online,20000,50,0.12343218242001512,0.027235816740513712,6.171609121000756e-06,1.3617908370256856e-06,6.171609121000756,1.3617908370256855,4600.0
5,"(x < 0.0) U[0,4700.0] (x > 0.0)",EagerQualitative,Incremental,online,20000,50,0.11555123420001565,0.022481995199772915,5.7775617100007824e-06,1.1240997599886457e-06,5.777561710000782,1.1240997599886458,4700.0
5,"(x < 0.0) U[0,4800.0] (x > 0.0)",EagerQualitative,Incremental,online,20000,50,0.12927170078000927,0.0271046825805816,6.463585039000463e-06,1.3552341290290801e-06,6.463585039000463,1.3552341290290801,4800.0
5,"(x < 0.0) U[0,4900.0] (x > 0.0)",EagerQualitative,Incremental,online,20000,50,0.12432227664000947,0.023511727087220734,6.216113832000473e-06,1.1755863543610366e-06,6.216113832000473,1.1755863543610365,4900.0
5,"(x < 0.0) U[0,5000.0] (x > 0.0)",EagerQualitative,Incremental,online,20000,50,0.11923130757999843,0.022798708126057273,5.961565378999922e-06,1.1399354063028636e-06,5.9615653789999214,1.1399354063028635,5000.0
6,"G[0,1.0] (x > 0.0)",EagerQualitative,Incremental,online,20000,50,0.004242192519991477,8.38948399496168e-05,2.1210962599957384e-07,4.19474199748084e-09,0.21210962599957384,0.00419474199748084,1.0
6,"G[0,100.0] (x > 0.0)",EagerQualitative,Incremental,online,20000,50,0.003987338400020235,7.301395888766301e-05,1.9936692000101174e-07,3.6506979443831504e-09,0.19936692000101175,0.0036506979443831503,100.0
6,"G[0,200.0] (x > 0.0)",EagerQualitative,Incremental,online,20000,50,0.004140465940004105,0.0001598046198847479,2.0702329700020525e-07,7.990230994237395e-09,0.20702329700020525,0.007990230994237395,200.0
6,"G[0,300.0] (x > 0.0)",EagerQualitative,Incremental,online,20000,50,0.0042136557999992875,0.00011637336143418212,2.1068278999996439e-07,5.818668071709106e-09,0.2106827899999644,0.0058186680717091065,300.0
6,"G[0,400.0] (x > 0.0)",EagerQualitative,Incremental,online,20000,50,0.004039704120004899,7.847452923263114e-05,2.0198520600024495e-07,3.923726461631557e-09,0.20198520600024494,0.003923726461631557,400.0
6,"G[0,500.0] (x > 0.0)",EagerQualitative,Incremental,online,20000,50,0.004028010759989229,7.761440620931395e-05,2.0140053799946146e-07,3.880720310465698e-09,0.20140053799946145,0.0038807203104656977,500.0
6,"G[0,600.0] (x > 0.0)",EagerQualitative,Incremental,online,20000,50,0.0040574359600032035,9.811321941140404e-05,2.0287179800016017e-07,4.905660970570202e-09,0.20287179800016017,0.004905660970570202,600.0
6,"G[0,700.0] (x > 0.0)",EagerQualitative,Incremental,online,20000,50,0.004024203319982007,9.072966987047963e-05,2.0121016599910033e-07,4.536483493523982e-09,0.20121016599910033,0.004536483493523982,700.0
6,"G[0,800.0] (x > 0.0)",EagerQualitative,Incremental,online,20000,50,0.0040229100999704314,9.401938086215889e-05,2.0114550499852158e-07,4.700969043107945e-09,0.20114550499852157,0.0047009690431079445,800.0
6,"G[0,900.0] (x > 0.0)",EagerQualitative,Incremental,online,20000,50,0.004043680019985913,8.776378491673581e-05,2.0218400099929565e-07,4.38818924583679e-09,0.20218400099929565,0.00438818924583679,900.0
6,"G[0,1000.0] (x > 0.0)",EagerQualitative,Incremental,online,20000,50,0.004022683339976538,8.046301220133916e-05,2.0113416699882692e-07,4.023150610066958e-09,0.2011341669988269,0.004023150610066958,1000.0
6,"G[0,1100.0] (x > 0.0)",EagerQualitative,Incremental,online,20000,50,0.0040257074999908585,8.280370143491236e-05,2.0128537499954292e-07,4.140185071745618e-09,0.2012853749995429,0.004140185071745618,1100.0
6,"G[0,1200.0] (x > 0.0)",EagerQualitative,Incremental,online,20000,50,0.004108925819973592,9.723874482850338e-05,2.054462909986796e-07,4.861937241425169e-09,0.20544629099867961,0.004861937241425169,1200.0
6,"G[0,1300.0] (x > 0.0)",EagerQualitative,Incremental,online,20000,50,0.0040425782799957235,7.838702804669635e-05,2.0212891399978618e-07,3.919351402334817e-09,0.2021289139997862,0.003919351402334817,1300.0
6,"G[0,1400.0] (x > 0.0)",EagerQualitative,Incremental,online,20000,50,0.004020195939997393,7.635630872978163e-05,2.0100979699986967e-07,3.8178154364890814e-09,0.20100979699986968,0.0038178154364890814,1400.0
6,"G[0,1500.0] (x > 0.0)",EagerQualitative,Incremental,online,20000,50,0.0040576200400164455,9.549101273476228e-05,2.0288100200082227e-07,4.774550636738114e-09,0.20288100200082226,0.004774550636738114,1500.0
6,"G[0,1600.0] (x > 0.0)",EagerQualitative,Incremental,online,20000,50,0.004020621640015634,8.967001615414073e-05,2.0103108200078168e-07,4.4835008077070365e-09,0.20103108200078168,0.004483500807707036,1600.0
6,"G[0,1700.0] (x > 0.0)",EagerQualitative,Incremental,online,20000,50,0.004036040860009962,9.857251773412419e-05,2.018020430004981e-07,4.92862588670621e-09,0.2018020430004981,0.00492862588670621,1700.0
6,"G[0,1800.0] (x > 0.0)",EagerQualitative,Incremental,online,20000,50,0.0040459249999912576,0.0001058934564797797,2.0229624999956289e-07,5.294672823988985e-09,0.2022962499995629,0.005294672823988985,1800.0
6,"G[0,1900.0] (x > 0.0)",EagerQualitative,Incremental,online,20000,50,0.0040177507999851515,7.629322380754842e-05,2.0088753999925757e-07,3.814661190377421e-09,0.20088753999925757,0.0038146611903774213,1900.0
6,"G[0,2000.0] (x > 0.0)",EagerQualitative,Incremental,online,20000,50,0.004015340040014053,8.98176931873035e-05,2.0076700200070263e-07,4.490884659365175e-09,0.20076700200070263,0.004490884659365175,2000.0
6,"G[0,2100.0] (x > 0.0)",EagerQualitative,Incremental,online,20000,50,0.004039042439972036,0.0001104632290419868,2.019521219986018e-07,5.52316145209934e-09,0.2019521219986018,0.00552316145209934,2100.0
6,"G[0,2200.0] (x > 0.0)",EagerQualitative,Incremental,online,20000,50,0.004079880779991072,0.00010515377704195075,2.039940389995536e-07,5.257688852097537e-09,0.2039940389995536,0.0052576888520975374,2200.0
6,"G[0,2300.0] (x > 0.0)",EagerQualitative,Incremental,online,20000,50,0.004017423420009436,9.420953158987183e-05,2.008711710004718e-07,4.7104765794935915e-09,0.2008711710004718,0.004710476579493591,2300.0
6,"G[0,2400.0] (x > 0.0)",EagerQualitative,Incremental,online,20000,50,0.00405465824001567,0.00011819149676983602,2.027329120007835e-07,5.909574838491801e-09,0.2027329120007835,0.005909574838491801,2400.0
6,"G[0,2500.0] (x > 0.0)",EagerQualitative,Incremental,online,20000,50,0.0039998599799992,7.565088737486385e-05,1.9999299899996e-07,3.782544368743192e-09,0.19999299899996,0.0037825443687431923,2500.0
6,"G[0,2600.0] (x > 0.0)",EagerQualitative,Incremental,online,20000,50,0.003944692579993898,0.00011842320936425122,1.972346289996949e-07,5.921160468212561e-09,0.1972346289996949,0.005921160468212562,2600.0
6,"G[0,2700.0] (x > 0.0)",EagerQualitative,Incremental,online,20000,50,0.0038986383599967666,9.236588487995623e-05,1.9493191799983833e-07,4.618294243997811e-09,0.19493191799983833,0.004618294243997811,2700.0
6,"G[0,2800.0] (x > 0.0)",EagerQualitative,Incremental,online,20000,50,0.003973901679987648,0.00014195850894573966,1.986950839993824e-07,7.0979254472869836e-09,0.19869508399938238,0.007097925447286983,2800.0
6,"G[0,2900.0] (x > 0.0)",EagerQualitative,Incremental,online,20000,50,0.00403879918000257,0.0001278088692555069,2.0193995900012851e-07,6.390443462775346e-09,0.2019399590001285,0.006390443462775346,2900.0
6,"G[0,3000.0] (x > 0.0)",EagerQualitative,Incremental,online,20000,50,0.003868517579999207,4.2091316660818444e-05,1.9342587899996033e-07,2.104565833040922e-09,0.19342587899996033,0.002104565833040922,3000.0
6,"G[0,3100.0] (x > 0.0)",EagerQualitative,Incremental,online,20000,50,0.004020155819994216,0.00010553885624578234,2.010077909997108e-07,5.276942812289117e-09,0.2010077909997108,0.005276942812289117,3100.0
6,"G[0,3200.0] (x > 0.0)",EagerQualitative,Incremental,online,20000,50,0.003955265800009329,0.00013357363221373308,1.9776329000046647e-07,6.678681610686654e-09,0.19776329000046647,0.006678681610686654,3200.0
6,"G[0,3300.0] (x > 0.0)",EagerQualitative,Incremental,online,20000,50,0.0039518674999953875,0.00011484180077775954,1.9759337499976937e-07,5.7420900388879766e-09,0.19759337499976937,0.005742090038887976,3300.0
6,"G[0,3400.0] (x > 0.0)",EagerQualitative,Incremental,online,20000,50,0.004035444259980068,0.00011093389738662541,2.017722129990034e-07,5.546694869331271e-09,0.20177221299900341,0.005546694869331271,3400.0
6,"G[0,3500.0] (x > 0.0)",EagerQualitative,Incremental,online,20000,50,0.003997200800004066,0.0001464263440537257,1.998600400002033e-07,7.321317202686286e-09,0.1998600400002033,0.007321317202686285,3500.0
6,"G[0,3600.0] (x > 0.0)",EagerQualitative,Incremental,online,20000,50,0.0038866225000128906,3.503114162115652e-05,1.9433112500064454e-07,1.7515570810578258e-09,0.19433112500064453,0.0017515570810578258,3600.0
6,"G[0,3700.0] (x > 0.0)",EagerQualitative,Incremental,online,20000,50,0.003985129080015213,0.00011854605304833317,1.9925645400076064e-07,5.927302652416658e-09,0.19925645400076064,0.005927302652416659,3700.0
6,"G[0,3800.0] (x > 0.0)",EagerQualitative,Incremental,online,20000,50,0.004002857580007913,0.00015694644251447681,2.0014287900039562e-07,7.84732212572384e-09,0.20014287900039562,0.007847322125723841,3800.0
6,"G[0,3900.0] (x > 0.0)",EagerQualitative,Incremental,online,20000,50,0.003915591700001641,0.00011951169906769054,1.9577958500008206e-07,5.975584953384527e-09,0.19577958500008205,0.005975584953384527,3900.0
6,"G[0,4000.0] (x > 0.0)",EagerQualitative,Incremental,online,20000,50,0.0039242391599827895,7.826480626980139e-05,1.9621195799913948e-07,3.91324031349007e-09,0.19621195799913949,0.00391324031349007,4000.0
6,"G[0,4100.0] (x > 0.0)",EagerQualitative,Incremental,online,20000,50,0.004113113199982763,0.0001423450475790465,2.0565565999913815e-07,7.117252378952324e-09,0.20565565999913815,0.0071172523789523245,4100.0
6,"G[0,4200.0] (x > 0.0)",EagerQualitative,Incremental,online,20000,50,0.003951307499992254,0.00011451094455294243,1.975653749996127e-07,5.725547227647121e-09,0.1975653749996127,0.005725547227647122,4200.0
6,"G[0,4300.0] (x > 0.0)",EagerQualitative,Incremental,online,20000,50,0.004005788359977487,9.643807379019376e-05,2.0028941799887433e-07,4.821903689509688e-09,0.20028941799887434,0.004821903689509688,4300.0
6,"G[0,4400.0] (x > 0.0)",EagerQualitative,Incremental,online,20000,50,0.004088322559982771,0.00012331813939955117,2.0441612799913855e-07,6.165906969977559e-09,0.20441612799913855,0.006165906969977559,4400.0
6,"G[0,4500.0] (x > 0.0)",EagerQualitative,Incremental,online,20000,50,0.0038681225599975734,3.901073134556941e-05,1.9340612799987866e-07,1.9505365672784707e-09,0.19340612799987866,0.0019505365672784706,4500.0
6,"G[0,4600.0] (x > 0.0)",EagerQualitative,Incremental,online,20000,50,0.003924310759994114,9.412990627562076e-05,1.962155379997057e-07,4.706495313781038e-09,0.1962155379997057,0.004706495313781038,4600.0
6,"G[0,4700.0] (x > 0.0)",EagerQualitative,Incremental,online,20000,50,0.004082223199984583,9.652606393692673e-05,2.0411115999922914e-07,4.826303196846337e-09,0.20411115999922913,0.004826303196846337,4700.0
6,"G[0,4800.0] (x > 0.0)",EagerQualitative,Incremental,online,20000,50,0.0038828132399839886,3.3943603921732335e-05,1.9414066199919943e-07,1.6971801960866168e-09,0.19414066199919944,0.0016971801960866167,4800.0
6,"G[0,4900.0] (x > 0.0)",EagerQualitative,Incremental,online,20000,50,0.003936669200020333,0.00011689516584576129,1.9683346000101665e-07,5.844758292288065e-09,0.19683346000101665,0.005844758292288065,4900.0
6,"G[0,5000.0] (x > 0.0)",EagerQualitative,Incremental,online,20000,50,0.004083863240011852,9.557148170772207e-05,2.041931620005926e-07,4.778574085386103e-09,0.2041931620005926,0.004778574085386103,5000.0
7,"F[0,1.0] (x > 0.0)",EagerQualitative,Incremental,online,20000,50,0.004171564259986553,9.147659631953814e-05,2.0857821299932765e-07,4.573829815976907e-09,0.20857821299932766,0.004573829815976907,1.0
7,"F[0,100.0] (x > 0.0)",EagerQualitative,Incremental,online,20000,50,0.004083041599992612,0.00011422715248805174,2.041520799996306e-07,5.711357624402587e-09,0.2041520799996306,0.005711357624402587,100.0
7,"F[0,200.0] (x > 0.0)",EagerQualitative,Incremental,online,20000,50,0.004056475079987649,0.00010813773219180736,2.0282375399938243e-07,5.406886609590368e-09,0.20282375399938243,0.005406886609590368,200.0
7,"F[0,300.0] (x > 0.0)",EagerQualitative,Incremental,online,20000,50,0.004117257479997534,8.181230501172417e-05,2.058628739998767e-07,4.090615250586209e-09,0.20586287399987668,0.004090615250586209,300.0
7,"F[0,400.0] (x > 0.0)",EagerQualitative,Incremental,online,20000,50,0.004033479939994322,8.181936023050028e-05,2.016739969997161e-07,4.090968011525014e-09,0.2016739969997161,0.004090968011525014,400.0
7,"F[0,500.0] (x > 0.0)",EagerQualitative,Incremental,online,20000,50,0.00401973492000252,7.634283447034047e-05,2.00986746000126e-07,3.817141723517024e-09,0.200986746000126,0.0038171417235170237,500.0
7,"F[0,600.0] (x > 0.0)",EagerQualitative,Incremental,online,20000,50,0.004076169940003638,0.00011573992046496418,2.0380849700018187e-07,5.7869960232482084e-09,0.20380849700018186,0.005786996023248208,600.0
7,"F[0,700.0] (x > 0.0)",EagerQualitative,Incremental,online,20000,50,0.004030999180004074,8.707861244997338e-05,2.0154995900020367e-07,4.353930622498669e-09,0.20154995900020367,0.004353930622498669,700.0
7,"F[0,800.0] (x > 0.0)",EagerQualitative,Incremental,online,20000,50,0.00405908825998722,9.327836888458723e-05,2.02954412999361e-07,4.6639184442293615e-09,0.20295441299936098,0.004663918444229361,800.0
7,"F[0,900.0] (x > 0.0)",EagerQualitative,Incremental,online,20000,50,0.00403435162000278,6.06971718731066e-05,2.0171758100013901e-07,3.03485859365533e-09,0.201717581000139,0.00303485859365533,900.0
7,"F[0,1000.0] (x > 0.0)",EagerQualitative,Incremental,online,20000,50,0.004079865859989695,0.0001225943515096914,2.0399329299948476e-07,6.1297175754845705e-09,0.20399329299948477,0.00612971757548457,1000.0
7,"F[0,1100.0] (x > 0.0)",EagerQualitative,Incremental,online,20000,50,0.004092100880002363,9.860052725134745e-05,2.0460504400011816e-07,4.930026362567373e-09,0.20460504400011817,0.0049300263625673725,1100.0
7,"F[0,1200.0] (x > 0.0)",EagerQualitative,Incremental,online,20000,50,0.004179447600013191,0.00015465650584281856,2.0897238000065955e-07,7.732825292140928e-09,0.20897238000065954,0.007732825292140928,1200.0
7,"F[0,1300.0] (x > 0.0)",EagerQualitative,Incremental,online,20000,50,0.00414140747996953,0.00012116881052667439,2.070703739984765e-07,6.058440526333719e-09,0.2070703739984765,0.00605844052633372,1300.0
7,"F[0,1400.0] (x > 0.0)",EagerQualitative,Incremental,online,20000,50,0.00411859330000425,0.00011788904804870746,2.059296650002125e-07,5.8944524024353736e-09,0.20592966500021248,0.005894452402435374,1400.0
7,"F[0,1500.0] (x > 0.0)",EagerQualitative,Incremental,online,20000,50,0.0040261941999915505,8.16556938364713e-05,2.0130970999957752e-07,4.0827846918235646e-09,0.2013097099995775,0.0040827846918235645,1500.0
7,"F[0,1600.0] (x > 0.0)",EagerQualitative,Incremental,online,20000,50,0.004047013359995617,8.714115734459764e-05,2.0235066799978085e-07,4.357057867229882e-09,0.20235066799978085,0.004357057867229882,1600.0
7,"F[0,1700.0] (x > 0.0)",EagerQualitative,Incremental,online,20000,50,0.004031176659987068,8.052081013983954e-05,2.0155883299935338e-07,4.026040506991977e-09,0.20155883299935337,0.004026040506991977,1700.0
7,"F[0,1800.0] (x > 0.0)",EagerQualitative,Incremental,online,20000,50,0.00397756414000014,7.406363830466565e-05,1.9887820700000701e-07,3.7031819152332823e-09,0.19887820700000702,0.0037031819152332822,1800.0
7,"F[0,1900.0] (x > 0.0)",EagerQualitative,Incremental,online,20000,50,0.00404362831999606,9.268814881428699e-05,2.02181415999803e-07,4.6344074407143496e-09,0.202181415999803,0.00463440744071435,1900.0
7,"F[0,2000.0] (x > 0.0)",EagerQualitative,Incremental,online,20000,50,0.00409884836000856,0.000124917476928637,2.0494241800042798e-07,6.245873846431849e-09,0.20494241800042798,0.006245873846431849,2000.0
7,"F[0,2100.0] (x > 0.0)",EagerQualitative,Incremental,online,20000,50,0.0040080683400128695,6.636596777525043e-05,2.0040341700064348e-07,3.3182983887625217e-09,0.20040341700064349,0.0033182983887625216,2100.0
7,"F[0,2200.0] (x > 0.0)",EagerQualitative,Incremental,online,20000,50,0.00404040253997664,0.00010281633113489683,2.02020126998832e-07,5.140816556744841e-09,0.202020126998832,0.0051408165567448415,2200.0
7,"F[0,2300.0] (x > 0.0)",EagerQualitative,Incremental,online,20000,50,0.00401214837999305,0.0001155499274193719,2.006074189996525e-07,5.7774963709685955e-09,0.2006074189996525,0.005777496370968595,2300.0
7,"F[0,2400.0] (x > 0.0)",EagerQualitative,Incremental,online,20000,50,0.003981109140031549,7.797240037290756e-05,1.9905545700157743e-07,3.8986200186453784e-09,0.19905545700157742,0.0038986200186453784,2400.0
7,"F[0,2500.0] (x > 0.0)",EagerQualitative,Incremental,online,20000,50,0.004047594280009435,0.0001081894542480801,2.0237971400047173e-07,5.409472712404005e-09,0.20237971400047172,0.005409472712404005,2500.0
7,"F[0,2600.0] (x > 0.0)",EagerQualitative,Incremental,online,20000,50,0.003917466700004297,9.104218464779534e-05,1.9587333500021485e-07,4.552109232389767e-09,0.19587333500021484,0.0045521092323897675,2600.0
7,"F[0,2700.0] (x > 0.0)",EagerQualitative,Incremental,online,20000,50,0.003996313339994231,8.554554842407148e-05,1.9981566699971156e-07,4.277277421203574e-09,0.19981566699971157,0.004277277421203574,2700.0
7,"F[0,2800.0] (x > 0.0)",EagerQualitative,Incremental,online,20000,50,0.00386478994002573,8.727674856195852e-05,1.932394970012865e-07,4.363837428097926e-09,0.19323949700128648,0.004363837428097927,2800.0
7,"F[0,2900.0] (x > 0.0)",EagerQualitative,Incremental,online,20000,50,0.004058509159995083,0.00014954018058160727,2.0292545799975417e-07,7.477009029080363e-09,0.20292545799975417,0.007477009029080363,2900.0
7,"F[0,3000.0] (x > 0.0)",EagerQualitative,Incremental,online,20000,50,0.004072055859987813,0.0001258884605696628,2.0360279299939066e-07,6.2944230284831405e-09,0.20360279299939066,0.006294423028483141,3000.0
7,"F[0,3100.0] (x > 0.0)",EagerQualitative,Incremental,online,20000,50,0.003975023339990003,7.631919829418951e-05,1.9875116699950012e-07,3.815959914709475e-09,0.19875116699950013,0.0038159599147094755,3100.0
7,"F[0,3200.0] (x > 0.0)",EagerQualitative,Incremental,online,20000,50,0.00395253002001482,0.0001416098158741089,1.9762650100074098e-07,7.080490793705445e-09,0.19762650100074097,0.007080490793705444,3200.0
7,"F[0,3300.0] (x > 0.0)",EagerQualitative,Incremental,online,20000,50,0.004059590019983262,0.00010275821950650314,2.0297950099916308e-07,5.137910975325157e-09,0.20297950099916306,0.0051379109753251564,3300.0
7,"F[0,3400.0] (x > 0.0)",EagerQualitative,Incremental,online,20000,50,0.003951314179971632,8.60892117068435e-05,1.975657089985816e-07,4.304460585342175e-09,0.1975657089985816,0.0043044605853421744,3400.0
7,"F[0,3500.0] (x > 0.0)",EagerQualitative,Incremental,online,20000,50,0.003972539119981775,0.00014911112817989297,1.9862695599908875e-07,7.45555640899465e-09,0.19862695599908875,0.007455556408994649,3500.0
7,"F[0,3600.0] (x > 0.0)",EagerQualitative,Incremental,online,20000,50,0.0040237700600027895,0.00012815277774143614,2.0118850300013948e-07,6.407638887071807e-09,0.2011885030001395,0.006407638887071808,3600.0
7,"F[0,3700.0] (x > 0.0)",EagerQualitative,Incremental,online,20000,50,0.003932330839998031,9.630267949031933e-05,1.9661654199990153e-07,4.815133974515967e-09,0.19661654199990153,0.004815133974515966,3700.0
7,"F[0,3800.0] (x > 0.0)",EagerQualitative,Incremental,online,20000,50,0.003921527480001714,0.00012935882565027825,1.960763740000857e-07,6.467941282513913e-09,0.1960763740000857,0.006467941282513913,3800.0
7,"F[0,3900.0] (x > 0.0)",EagerQualitative,Incremental,online,20000,50,0.004096653320002588,0.00012717183078093705,2.048326660001294e-07,6.358591539046853e-09,0.20483266600012942,0.0063585915390468525,3900.0
7,"F[0,4000.0] (x > 0.0)",EagerQualitative,Incremental,online,20000,50,0.003930739120000908,7.749014886627076e-05,1.9653695600004538e-07,3.874507443313538e-09,0.19653695600004537,0.003874507443313538,4000.0
7,"F[0,4100.0] (x > 0.0)",EagerQualitative,Incremental,online,20000,50,0.003920652479982891,9.522589358135046e-05,1.9603262399914455e-07,4.761294679067523e-09,0.19603262399914456,0.004761294679067523,4100.0
7,"F[0,4200.0] (x > 0.0)",EagerQualitative,Incremental,online,20000,50,0.003996793379988048,9.818577303293905e-05,1.998396689994024e-07,4.909288651646953e-09,0.1998396689994024,0.004909288651646953,4200.0
7,"F[0,4300.0] (x > 0.0)",EagerQualitative,Incremental,online,20000,50,0.0039719366800136414,0.0001185265197708806,1.9859683400068207e-07,5.92632598854403e-09,0.19859683400068207,0.00592632598854403,4300.0
7,"F[0,4400.0] (x > 0.0)",EagerQualitative,Incremental,online,20000,50,0.003912369919980847,9.225778525490902e-05,1.9561849599904237e-07,4.612889262745451e-09,0.19561849599904238,0.0046128892627454515,4400.0
7,"F[0,4500.0] (x > 0.0)",EagerQualitative,Incremental,online,20000,50,0.004018270000001394,8.498468837279874e-05,2.009135000000697e-07,4.249234418639937e-09,0.2009135000000697,0.004249234418639937,4500.0
7,"F[0,4600.0] (x > 0.0)",EagerQualitative,Incremental,online,20000,50,0.003953083340024932,0.0001122263426493562,1.9765416700124662e-07,5.61131713246781e-09,0.19765416700124663,0.00561131713246781,4600.0
7,"F[0,4700.0] (x > 0.0)",EagerQualitative,Incremental,online,20000,50,0.003931802479992257,0.0001302799337185825,1.9659012399961284e-07,6.513996685929125e-09,0.19659012399961284,0.006513996685929125,4700.0
7,"F[0,4800.0] (x > 0.0)",EagerQualitative,Incremental,online,20000,50,0.004012763240002642,0.00011692871374447595,2.006381620001321e-07,5.846435687223797e-09,0.2006381620001321,0.0058464356872237975,4800.0
7,"F[0,4900.0] (x > 0.0)",EagerQualitative,Incremental,online,20000,50,0.003985903339980723,0.00014484103712617775,1.9929516699903617e-07,7.242051856308887e-09,0.19929516699903616,0.007242051856308887,4900.0
7,"F[0,5000.0] (x > 0.0)",EagerQualitative,Incremental,online,20000,50,0.003958079120006914,6.69036949372559e-05,1.979039560003457e-07,3.3451847468627948e-09,0.1979039560003457,0.003345184746862795,5000.0
1,(x < 0.5) and (x > -0.5),Rosi,Incremental,online,20000,50,0.004892788400011341,7.77018372538405e-05,2.4463942000056705e-07,3.8850918626920244e-09,0.24463942000056704,0.0038850918626920244,0.0
2,"G[0,1000] (x > 0.5 -> F[0,100] (x < 0.0))",Rosi,Incremental,online,20000,50,10.266389185820003,0.10931868453984163,0.0005133194592910001,5.465934226992081e-06,513.3194592910002,5.465934226992081,1100.0
3,"(x < 0.5) U[0,1000] (x < 0.0)",Rosi,Incremental,online,20000,50,52.98076758838003,1.6214991743994598,0.0026490383794190017,8.107495871997299e-05,2649.0383794190016,81.07495871997298,1000.0
4,"(G[0,100] (x < 0.5)) or (G[100,150] (x > 0.0))",Rosi,Incremental,online,20000,50,0.25598661669993816,0.001964028491841315,1.2799330834996909e-05,9.820142459206576e-08,12.799330834996908,0.09820142459206575,150.0
5,"(x < 0.0) U[0,1.0] (x > 0.0)",Rosi,Incremental,online,20000,50,0.007418959140068182,0.00016806354881038907,3.709479570034091e-07,8.403177440519453e-09,0.3709479570034091,0.008403177440519454,1.0
5,"(x < 0.0) U[0,100.0] (x > 0.0)",Rosi,Incremental,online,20000,50,0.7955362542200964,0.006087519663119062,3.9776812711004824e-05,3.043759831559531e-07,39.77681271100482,0.3043759831559531,100.0
5,"(x < 0.0) U[0,200.0] (x > 0.0)",Rosi,Incremental,online,20000,50,2.51066033248002,0.012332940051451028,0.000125533016624001,6.166470025725514e-07,125.533016624001,0.6166470025725513,200.0
5,"(x < 0.0) U[0,300.0] (x > 0.0)",Rosi,Incremental,online,20000,50,5.203658989939941,0.018640928607586205,0.00026018294949699706,9.320464303793103e-07,260.1829494969971,0.9320464303793102,300.0
5,"(x < 0.0) U[0,400.0] (x > 0.0)",Rosi,Incremental,online,20000,50,8.69705084662004,0.028807137665000877,0.00043485254233100205,1.440356883250044e-06,434.85254233100204,1.440356883250044,400.0
5,"(x < 0.0) U[0,500.0] (x > 0.0)",Rosi,Incremental,online,20000,50,12.894716467519993,0.0811560931657891,0.0006447358233759997,4.057804658289455e-06,644.7358233759996,4.057804658289455,500.0
5,"(x < 0.0) U[0,600.0] (x > 0.0)",Rosi,Incremental,online,20000,50,19.153946396679967,0.10390295649976213,0.0009576973198339983,5.195147824988107e-06,957.6973198339983,5.195147824988107,600.0
5,"(x < 0.0) U[0,700.0] (x > 0.0)",Rosi,Incremental,online,20000,50,25.978209210780115,0.08076105293401376,0.0012989104605390057,4.0380526467006876e-06,1298.9104605390057,4.038052646700687,700.0
5,"(x < 0.0) U[0,800.0] (x > 0.0)",Rosi,Incremental,online,20000,50,33.79148363495984,0.2986847786918695,0.001689574181747992,1.4934238934593475e-05,1689.574181747992,14.934238934593475,800.0
5,"(x < 0.0) U[0,900.0] (x > 0.0)",Rosi,Incremental,online,20000,50,42.94782906419998,0.07876460507600117,0.002147391453209999,3.938230253800058e-06,2147.391453209999,3.938230253800058,900.0
5,"(x < 0.0) U[0,1000.0] (x > 0.0)",Rosi,Incremental,online,20000,50,52.704797111500156,0.4079612363029526,0.0026352398555750077,2.039806181514763e-05,2635.239855575008,20.398061815147628,1000.0
6,"G[0,1.0] (x > 0.0)",Rosi,Incremental,online,20000,50,0.0045798457795172,0.00010126605039252914,2.2899228897586e-07,5.063302519626457e-09,0.22899228897586,0.005063302519626458,1.0
6,"G[0,100.0] (x > 0.0)",Rosi,Incremental,online,20000,50,0.061944074259954504,0.0013558029829505284,3.0972037129977253e-06,6.779014914752642e-08,3.0972037129977252,0.06779014914752642,100.0
6,"G[0,200.0] (x > 0.0)",Rosi,Incremental,online,20000,50,0.14406787663967408,0.001764962504404243,7.203393831983704e-06,8.824812522021214e-08,7.203393831983704,0.08824812522021214,200.0
6,"G[0,300.0] (x > 0.0)",Rosi,Incremental,online,20000,50,0.24433118823995756,0.002854212873390252,1.2216559411997878e-05,1.4271064366951262e-07,12.216559411997878,0.1427106436695126,300.0
6,"G[0,400.0] (x > 0.0)",Rosi,Incremental,online,20000,50,0.3559445358401717,0.005027971584247618,1.7797226792008587e-05,2.5139857921238093e-07,17.797226792008587,0.25139857921238096,400.0
6,"G[0,500.0] (x > 0.0)",Rosi,Incremental,online,20000,50,0.4672201541001414,0.005167098118298149,2.336100770500707e-05,2.583549059149075e-07,23.36100770500707,0.2583549059149075,500.0
6,"G[0,600.0] (x > 0.0)",Rosi,Incremental,online,20000,50,0.6029000108603941,0.012807065398350456,3.0145000543019707e-05,6.403532699175229e-07,30.14500054301971,0.6403532699175228,600.0
6,"G[0,700.0] (x > 0.0)",Rosi,Incremental,online,20000,50,0.7652649574402313,0.018976976912104208,3.826324787201156e-05,9.488488456052104e-07,38.26324787201156,0.9488488456052104,700.0
6,"G[0,800.0] (x > 0.0)",Rosi,Incremental,online,20000,50,0.8692215099402528,0.011493451415342122,4.346107549701264e-05,5.746725707671061e-07,43.461075497012644,0.5746725707671061,800.0
6,"G[0,900.0] (x > 0.0)",Rosi,Incremental,online,20000,50,0.9846998667196749,0.011920978212351413,4.923499333598374e-05,5.960489106175706e-07,49.234993335983745,0.5960489106175706,900.0
6,"G[0,1000.0] (x > 0.0)",Rosi,Incremental,online,20000,50,1.1001283782999962,0.011800832732942353,5.500641891499981e-05,5.900416366471176e-07,55.00641891499981,0.5900416366471176,1000.0
7,"F[0,1.0] (x > 0.0)",Rosi,Incremental,online,20000,50,0.00460633249982493,0.00023004650271509544,2.303166249912465e-07,1.1502325135754772e-08,0.2303166249912465,0.011502325135754771,1.0
7,"F[0,100.0] (x > 0.0)",Rosi,Incremental,online,20000,50,0.06140170924001723,0.002504047723138093,3.0700854620008615e-06,1.2520238615690466e-07,3.0700854620008613,0.12520238615690465,100.0
7,"F[0,200.0] (x > 0.0)",Rosi,Incremental,online,20000,50,0.14101555166016624,0.004132443297867631,7.050777583008312e-06,2.0662216489338155e-07,7.050777583008312,0.20662216489338156,200.0
7,"F[0,300.0] (x > 0.0)",Rosi,Incremental,online,20000,50,0.23856558675979614,0.008015406801462295,1.1928279337989807e-05,4.0077034007311474e-07,11.928279337989807,0.40077034007311474,300.0
7,"F[0,400.0] (x > 0.0)",Rosi,Incremental,online,20000,50,0.3416105358801724,0.01037904123163176,1.708052679400862e-05,5.189520615815879e-07,17.08052679400862,0.5189520615815879,400.0
7,"F[0,500.0] (x > 0.0)",Rosi,Incremental,online,20000,50,0.4403384491198085,0.01188554590427082,2.2016922455990425e-05,5.94277295213541e-07,22.016922455990425,0.594277295213541,500.0
7,"F[0,600.0] (x > 0.0)",Rosi,Incremental,online,20000,50,0.55662958831992,0.017036728674990488,2.7831479415996002e-05,8.518364337495244e-07,27.831479415996004,0.8518364337495243,600.0
7,"F[0,700.0] (x > 0.0)",Rosi,Incremental,online,20000,50,0.7900534542003151,0.05055790516126945,3.950267271001576e-05,2.5278952580634723e-06,39.50267271001576,2.5278952580634724,700.0
7,"F[0,800.0] (x > 0.0)",Rosi,Incremental,online,20000,50,0.8999117124603072,0.04860590852560167,4.499558562301536e-05,2.4302954262800833e-06,44.99558562301536,2.4302954262800833,800.0
7,"F[0,900.0] (x > 0.0)",Rosi,Incremental,online,20000,50,1.0318467182800668,0.08058367039229657,5.159233591400334e-05,4.0291835196148285e-06,51.59233591400334,4.029183519614828,900.0
7,"F[0,1000.0] (x > 0.0)",Rosi,Incremental,online,20000,50,1.1529481274999853,0.0721956046359403,5.764740637499926e-05,3.609780231797015e-06,57.647406374999264,3.609780231797015,1000.0
