formula_id,spec,semantics,algorithm,mode,n_samples,m_runs,avg_total_s,std_total_s,avg_per_sample_s,std_per_sample_s,avg_per_sample_us,std_per_sample_us,temporal_depth
1,(x < 0.5) and (x > -0.5),DelayedQuantitative,Incremental,online,20000,50,0.004637438340001836,0.00011504185305488709,2.3187191700009181e-07,5.752092652744354e-09,0.23187191700009183,0.0057520926527443545,0.0
2,"G[0,1000] (x > 0.5 -> F[0,100] (x < 0.0))",DelayedQuantitative,Incremental,online,20000,50,0.009147720779996007,0.00016737972439197257,4.5738603899980034e-07,8.368986219598628e-09,0.45738603899980035,0.008368986219598628,1100.0
3,"(x < 0.5) U[0,1000] (x < 0.0)",DelayedQuantitative,Incremental,online,20000,50,0.08947756334000587,0.0017195509083327593,4.473878167000294e-06,8.597754541663797e-08,4.473878167000294,0.08597754541663796,1000.0
4,"(G[0,100] (x < 0.5)) or (G[100,150] (x > 0.0))",DelayedQuantitative,Incremental,online,20000,50,0.009665334960005793,9.333298414172153e-05,4.832667480002897e-07,4.666649207086077e-09,0.4832667480002897,0.004666649207086077,150.0
5,"(x < 0.0) U[0,1.0] (x > 0.0)",DelayedQuantitative,Incremental,online,20000,50,0.007918844200002013,0.00012954304266218287,3.9594221000010064e-07,6.4771521331091435e-09,0.39594221000010066,0.006477152133109143,1.0
5,"(x < 0.0) U[0,100.0] (x > 0.0)",DelayedQuantitative,Incremental,online,20000,50,0.02251920833999975,0.0005402659866497101,1.1259604169999875e-06,2.7013299332485506e-08,1.1259604169999875,0.027013299332485505,100.0
5,"(x < 0.0) U[0,200.0] (x > 0.0)",DelayedQuantitative,Incremental,online,20000,50,0.03030658669999525,0.0005992287359170252,1.5153293349997625e-06,2.996143679585126e-08,1.5153293349997625,0.029961436795851257,200.0
5,"(x < 0.0) U[0,300.0] (x > 0.0)",DelayedQuantitative,Incremental,online,20000,50,0.03998423165999952,0.0014846320557427733,1.9992115829999763e-06,7.423160278713866e-08,1.9992115829999764,0.07423160278713867,300.0
5,"(x < 0.0) U[0,400.0] (x > 0.0)",DelayedQuantitative,Incremental,online,20000,50,0.0454533049600002,0.0008785890735325004,2.2726652480000097e-06,4.3929453676625024e-08,2.27266524800001,0.04392945367662503,400.0
5,"(x < 0.0) U[0,500.0] (x > 0.0)",DelayedQuantitative,Incremental,online,20000,50,0.052954017440002873,0.0008717157299673793,2.647700872000144e-06,4.358578649836896e-08,2.647700872000144,0.043585786498368966,500.0
5,"(x < 0.0) U[0,600.0] (x > 0.0)",DelayedQuantitative,Incremental,online,20000,50,0.06234462581999651,0.0012486703894351583,3.1172312909998256e-06,6.243351947175792e-08,3.1172312909998254,0.06243351947175792,600.0
5,"(x < 0.0) U[0,700.0] (x > 0.0)",DelayedQuantitative,Incremental,online,20000,50,0.06772956662000866,0.0010907713824786023,3.3864783310004332e-06,5.453856912393011e-08,3.386478331000433,0.05453856912393011,700.0
5,"(x < 0.0) U[0,800.0] (x > 0.0)",DelayedQuantitative,Incremental,online,20000,50,0.0767705366000007,0.001981827205455343,3.8385268300000355e-06,9.909136027276715e-08,3.8385268300000353,0.09909136027276716,800.0
5,"(x < 0.0) U[0,900.0] (x > 0.0)",DelayedQuantitative,Incremental,online,20000,50,0.08348514330000284,0.0017934963855624055,4.174257165000142e-06,8.967481927812027e-08,4.174257165000141,0.08967481927812027,900.0
5,"(x < 0.0) U[0,1000.0] (x > 0.0)",DelayedQuantitative,Incremental,online,20000,50,0.09107301737999933,0.002002712723697306,4.553650868999967e-06,1.0013563618486529e-07,4.553650868999966,0.10013563618486529,1000.0
5,"(x < 0.0) U[0,1100.0] (x > 0.0)",DelayedQuantitative,Incremental,online,20000,50,0.10365824498000052,0.004193183815659287,5.182912249000026e-06,2.0965919078296437e-07,5.182912249000026,0.20965919078296436,1100.0
5,"(x < 0.0) U[0,1200.0] (x > 0.0)",DelayedQuantitative,Incremental,online,20000,50,0.112013610839997,0.0033078407915560475,5.6006805419998504e-06,1.6539203957780237e-07,5.600680541999851,0.16539203957780238,1200.0
5,"(x < 0.0) U[0,1300.0] (x > 0.0)",DelayedQuantitative,Incremental,online,20000,50,0.1183390041199982,0.004268997643575417,5.9169502059999105e-06,2.1344988217877085e-07,5.91695020599991,0.21344988217877084,1300.0
5,"(x < 0.0) U[0,1400.0] (x > 0.0)",DelayedQuantitative,Incremental,online,20000,50,0.12881156994000093,0.003396924763050762,6.440578497000047e-06,1.698462381525381e-07,6.440578497000047,0.1698462381525381,1400.0
5,"(x < 0.0) U[0,1500.0] (x > 0.0)",DelayedQuantitative,Incremental,online,20000,50,0.13227718995999452,0.003411382073706449,6.613859497999726e-06,1.7056910368532245e-07,6.6138594979997265,0.17056910368532244,1500.0
5,"(x < 0.0) U[0,1600.0] (x > 0.0)",DelayedQuantitative,Incremental,online,20000,50,0.1440836849799996,0.0030146559882945566,7.20418424899998e-06,1.5073279941472783e-07,7.20418424899998,0.15073279941472784,1600.0
5,"(x < 0.0) U[0,1700.0] (x > 0.0)",DelayedQuantitative,Incremental,online,20000,50,0.14876644419999252,0.004103959065490298,7.438322209999626e-06,2.051979532745149e-07,7.438322209999626,0.2051979532745149,1700.0
5,"(x < 0.0) U[0,1800.0] (x > 0.0)",DelayedQuantitative,Incremental,online,20000,50,0.1550490508400037,0.0025119218534363752,7.752452542000185e-06,1.2559609267181875e-07,7.752452542000185,0.12559609267181876,1800.0
5,"(x < 0.0) U[0,1900.0] (x > 0.0)",DelayedQuantitative,Incremental,online,20000,50,0.16167809496000132,0.003663594130823194,8.083904748000066e-06,1.8317970654115968e-07,8.083904748000066,0.18317970654115967,1900.0
5,"(x < 0.0) U[0,2000.0] (x > 0.0)",DelayedQuantitative,Incremental,online,20000,50,0.17218496921999984,0.0031095618061450694,8.609248460999992e-06,1.5547809030725347e-07,8.609248460999993,0.15547809030725346,2000.0
5,"(x < 0.0) U[0,2100.0] (x > 0.0)",DelayedQuantitative,Incremental,online,20000,50,0.17808768172001466,0.004213061643124686,8.904384086000733e-06,2.106530821562343e-07,8.904384086000732,0.2106530821562343,2100.0
5,"(x < 0.0) U[0,2200.0] (x > 0.0)",DelayedQuantitative,Incremental,online,20000,50,0.18307907412000304,0.003996360758025949,9.153953706000153e-06,1.9981803790129748e-07,9.153953706000152,0.19981803790129748,2200.0
5,"(x < 0.0) U[0,2300.0] (x > 0.0)",DelayedQuantitative,Incremental,online,20000,50,0.1896204949200046,0.0051905818382633195,9.48102474600023e-06,2.59529091913166e-07,9.48102474600023,0.259529091913166,2300.0
5,"(x < 0.0) U[0,2400.0] (x > 0.0)",DelayedQuantitative,Incremental,online,20000,50,0.19484351582000273,0.0038293825576017973,9.742175791000137e-06,1.9146912788008985e-07,9.742175791000136,0.19146912788008985,2400.0
5,"(x < 0.0) U[0,2500.0] (x > 0.0)",DelayedQuantitative,Incremental,online,20000,50,0.20215162253999325,0.004537678261576276,1.0107581126999662e-05,2.268839130788138e-07,10.107581126999662,0.2268839130788138,2500.0
5,"(x < 0.0) U[0,2600.0] (x > 0.0)",DelayedQuantitative,Incremental,online,20000,50,0.20840127923999488,0.005691540867308127,1.0420063961999744e-05,2.8457704336540635e-07,10.420063961999745,0.28457704336540635,2600.0
5,"(x < 0.0) U[0,2700.0] (x > 0.0)",DelayedQuantitative,Incremental,online,20000,50,0.21507924247999882,0.005446873667523214,1.0753962123999942e-05,2.723436833761607e-07,10.753962123999942,0.2723436833761607,2700.0
5,"(x < 0.0) U[0,2800.0] (x > 0.0)",DelayedQuantitative,Incremental,online,20000,50,0.22233025086000907,0.005145634366835864,1.1116512543000453e-05,2.572817183417932e-07,11.116512543000454,0.2572817183417932,2800.0
5,"(x < 0.0) U[0,2900.0] (x > 0.0)",DelayedQuantitative,Incremental,online,20000,50,0.22780765661999794,0.00500065618891491,1.1390382830999897e-05,2.5003280944574547e-07,11.390382830999897,0.25003280944574546,2900.0
5,"(x < 0.0) U[0,3000.0] (x > 0.0)",DelayedQuantitative,Incremental,online,20000,50,0.2342595341600031,0.004485171369463399,1.1712976708000155e-05,2.2425856847316993e-07,11.712976708000156,0.22425856847316994,3000.0
5,"(x < 0.0) U[0,3100.0] (x > 0.0)",DelayedQuantitative,Incremental,online,20000,50,0.24058276331999878,0.004734598134572781,1.2029138165999938e-05,2.3672990672863906e-07,12.029138165999939,0.23672990672863906,3100.0
5,"(x < 0.0) U[0,3200.0] (x > 0.0)",DelayedQuantitative,Incremental,online,20000,50,0.2455237383199983,0.004283411222313611,1.2276186915999914e-05,2.1417056111568055e-07,12.276186915999915,0.21417056111568056,3200.0
5,"(x < 0.0) U[0,3300.0] (x > 0.0)",DelayedQuantitative,Incremental,online,20000,50,0.2517861257800018,0.005326741142074741,1.258930628900009e-05,2.6633705710373703e-07,12.58930628900009,0.266337057103737,3300.0
5,"(x < 0.0) U[0,3400.0] (x > 0.0)",DelayedQuantitative,Incremental,online,20000,50,0.25682090588000167,0.004586626988813756,1.2841045294000084e-05,2.293313494406878e-07,12.841045294000084,0.22933134944068778,3400.0
5,"(x < 0.0) U[0,3500.0] (x > 0.0)",DelayedQuantitative,Incremental,online,20000,50,0.2620378974799905,0.004722495926126979,1.3101894873999526e-05,2.3612479630634895e-07,13.101894873999527,0.23612479630634894,3500.0
5,"(x < 0.0) U[0,3600.0] (x > 0.0)",DelayedQuantitative,Incremental,online,20000,50,0.2669332608400009,0.004647864585673012,1.3346663042000045e-05,2.3239322928365057e-07,13.346663042000046,0.23239322928365058,3600.0
5,"(x < 0.0) U[0,3700.0] (x > 0.0)",DelayedQuantitative,Incremental,online,20000,50,0.2722923809000122,0.004441647716470123,1.361461904500061e-05,2.2208238582350614e-07,13.614619045000609,0.22208238582350615,3700.0
5,"(x < 0.0) U[0,3800.0] (x > 0.0)",DelayedQuantitative,Incremental,online,20000,50,0.2793446099199878,0.00402407952380528,1.3967230495999388e-05,2.01203976190264e-07,13.967230495999388,0.201203976190264,3800.0
5,"(x < 0.0) U[0,3900.0] (x > 0.0)",DelayedQuantitative,Incremental,online,20000,50,0.283163693359993,0.0036089997667593555,1.415818466799965e-05,1.8044998833796777e-07,14.158184667999649,0.18044998833796777,3900.0
5,"(x < 0.0) U[0,4000.0] (x > 0.0)",DelayedQuantitative,Incremental,online,20000,50,0.2898123883199969,0.004365070948184712,1.4490619415999844e-05,2.182535474092356e-07,14.490619415999845,0.21825354740923558,4000.0
5,"(x < 0.0) U[0,4100.0] (x > 0.0)",DelayedQuantitative,Incremental,online,20000,50,0.36082396998000377,0.04419775935973986,1.8041198499000188e-05,2.209887967986993e-06,18.04119849900019,2.209887967986993,4100.0
5,"(x < 0.0) U[0,4200.0] (x > 0.0)",DelayedQuantitative,Incremental,online,20000,50,0.39711795333999816,0.04650852220463296,1.985589766699991e-05,2.325426110231648e-06,19.85589766699991,2.325426110231648,4200.0
5,"(x < 0.0) U[0,4300.0] (x > 0.0)",DelayedQuantitative,Incremental,online,20000,50,0.4008064982999963,0.04118138793750447,2.0040324914999817e-05,2.0590693968752233e-06,20.040324914999818,2.0590693968752234,4300.0
5,"(x < 0.0) U[0,4400.0] (x > 0.0)",DelayedQuantitative,Incremental,online,20000,50,0.3938486267000053,0.04026104399423732,1.9692431335000266e-05,2.013052199711866e-06,19.692431335000265,2.013052199711866,4400.0
5,"(x < 0.0) U[0,4500.0] (x > 0.0)",DelayedQuantitative,Incremental,online,20000,50,0.3965667300600012,0.04714586268142413,1.982833650300006e-05,2.3572931340712064e-06,19.82833650300006,2.3572931340712064,4500.0
5,"(x < 0.0) U[0,4600.0] (x > 0.0)",DelayedQuantitative,Incremental,online,20000,50,0.40695321741999124,0.04583365540980956,2.034766087099956e-05,2.2916827704904782e-06,20.34766087099956,2.2916827704904783,4600.0
5,"(x < 0.0) U[0,4700.0] (x > 0.0)",DelayedQuantitative,Incremental,online,20000,50,0.42668480323999347,0.03908425777709323,2.1334240161999675e-05,1.9542128888546613e-06,21.334240161999674,1.9542128888546613,4700.0
5,"(x < 0.0) U[0,4800.0] (x > 0.0)",DelayedQuantitative,Incremental,online,20000,50,0.4281593957799919,0.03889197900040095,2.1407969788999594e-05,1.9445989500200473e-06,21.407969788999594,1.9445989500200473,4800.0
5,"(x < 0.0) U[0,4900.0] (x > 0.0)",DelayedQuantitative,Incremental,online,20000,50,0.43319762917999927,0.04052733144054356,2.1659881458999965e-05,2.026366572027178e-06,21.659881458999966,2.026366572027178,4900.0
5,"(x < 0.0) U[0,5000.0] (x > 0.0)",DelayedQuantitative,Incremental,online,20000,50,0.4372178550399917,0.04295095918335322,2.1860892751999585e-05,2.147547959167661e-06,21.860892751999586,2.147547959167661,5000.0
6,"G[0,1.0] (x > 0.0)",DelayedQuantitative,Incremental,online,20000,50,0.005029174220012465,0.0001429862583188355,2.5145871100062324e-07,7.149312915941775e-09,0.2514587110006232,0.007149312915941775,1.0
6,"G[0,100.0] (x > 0.0)",DelayedQuantitative,Incremental,online,20000,50,0.005611619100009193,8.869803138066759e-05,2.8058095500045963e-07,4.434901569033379e-09,0.28058095500045965,0.004434901569033379,100.0
6,"G[0,200.0] (x > 0.0)",DelayedQuantitative,Incremental,online,20000,50,0.005413391640004193,0.00011537840447379448,2.7066958200020963e-07,5.7689202236897244e-09,0.27066958200020963,0.005768920223689724,200.0
6,"G[0,300.0] (x > 0.0)",DelayedQuantitative,Incremental,online,20000,50,0.005496980819975761,6.189633913977818e-05,2.7484904099878807e-07,3.094816956988909e-09,0.2748490409987881,0.003094816956988909,300.0
6,"G[0,400.0] (x > 0.0)",DelayedQuantitative,Incremental,online,20000,50,0.0053983650199825204,0.00012761954799883282,2.69918250999126e-07,6.380977399941641e-09,0.269918250999126,0.006380977399941641,400.0
6,"G[0,500.0] (x > 0.0)",DelayedQuantitative,Incremental,online,20000,50,0.0054739392000010415,8.634231383352191e-05,2.736969600000521e-07,4.317115691676095e-09,0.2736969600000521,0.004317115691676095,500.0
6,"G[0,600.0] (x > 0.0)",DelayedQuantitative,Incremental,online,20000,50,0.005398189999991701,0.0001357196285304841,2.6990949999958506e-07,6.785981426524205e-09,0.2699094999995851,0.006785981426524205,600.0
6,"G[0,700.0] (x > 0.0)",DelayedQuantitative,Incremental,online,20000,50,0.005537777419999656,7.705820158498583e-05,2.768888709999828e-07,3.852910079249291e-09,0.27688887099998283,0.003852910079249291,700.0
6,"G[0,800.0] (x > 0.0)",DelayedQuantitative,Incremental,online,20000,50,0.005433129979983278,0.00012800965202282796,2.7165649899916386e-07,6.400482601141398e-09,0.2716564989991639,0.006400482601141398,800.0
6,"G[0,900.0] (x > 0.0)",DelayedQuantitative,Incremental,online,20000,50,0.005298542540012932,0.00010799103276911944,2.649271270006466e-07,5.399551638455972e-09,0.2649271270006466,0.005399551638455972,900.0
6,"G[0,1000.0] (x > 0.0)",DelayedQuantitative,Incremental,online,20000,50,0.005316456680006922,9.212177690653507e-05,2.658228340003461e-07,4.606088845326753e-09,0.2658228340003461,0.004606088845326753,1000.0
6,"G[0,1100.0] (x > 0.0)",DelayedQuantitative,Incremental,online,20000,50,0.005300171699991552,9.927318284850944e-05,2.650085849995776e-07,4.963659142425472e-09,0.26500858499957763,0.004963659142425472,1100.0
6,"G[0,1200.0] (x > 0.0)",DelayedQuantitative,Incremental,online,20000,50,0.005397887539984368,0.00010288347609712079,2.698943769992184e-07,5.1441738048560395e-09,0.26989437699921837,0.00514417380485604,1200.0
6,"G[0,1300.0] (x > 0.0)",DelayedQuantitative,Incremental,online,20000,50,0.005170603220008161,0.00014896420027248923,2.5853016100040803e-07,7.448210013624462e-09,0.25853016100040804,0.007448210013624462,1300.0
6,"G[0,1400.0] (x > 0.0)",DelayedQuantitative,Incremental,online,20000,50,0.005156344159995569,8.918667904037545e-05,2.5781720799977845e-07,4.4593339520187725e-09,0.2578172079997784,0.004459333952018772,1400.0
6,"G[0,1500.0] (x > 0.0)",DelayedQuantitative,Incremental,online,20000,50,0.005313107540000601,0.00015386356359271624,2.6565537700003004e-07,7.693178179635811e-09,0.26565537700003006,0.007693178179635812,1500.0
6,"G[0,1600.0] (x > 0.0)",DelayedQuantitative,Incremental,online,20000,50,0.005121316780005145,0.00011326902888806031,2.5606583900025727e-07,5.6634514444030155e-09,0.25606583900025726,0.005663451444403015,1600.0
6,"G[0,1700.0] (x > 0.0)",DelayedQuantitative,Incremental,online,20000,50,0.0052768675000243095,9.094744094886959e-05,2.6384337500121547e-07,4.54737204744348e-09,0.26384337500121546,0.00454737204744348,1700.0
6,"G[0,1800.0] (x > 0.0)",DelayedQuantitative,Incremental,online,20000,50,0.0049557674999914526,5.6223653999786306e-05,2.477883749995726e-07,2.811182699989315e-09,0.24778837499957262,0.002811182699989315,1800.0
6,"G[0,1900.0] (x > 0.0)",DelayedQuantitative,Incremental,online,20000,50,0.005123839960001533,9.704720353666602e-05,2.5619199800007667e-07,4.852360176833301e-09,0.2561919980000767,0.004852360176833301,1900.0
6,"G[0,2000.0] (x > 0.0)",DelayedQuantitative,Incremental,online,20000,50,0.00498436252000829,0.00014427276676182683,2.492181260004145e-07,7.213638338091342e-09,0.24921812600041449,0.007213638338091342,2000.0
6,"G[0,2100.0] (x > 0.0)",DelayedQuantitative,Incremental,online,20000,50,0.005080592479994266,0.00010039443099419976,2.540296239997133e-07,5.019721549709988e-09,0.2540296239997133,0.005019721549709988,2100.0
6,"G[0,2200.0] (x > 0.0)",DelayedQuantitative,Incremental,online,20000,50,0.0051220133000197164,0.00013893669801821223,2.5610066500098584e-07,6.946834900910611e-09,0.2561006650009858,0.0069468349009106116,2200.0
6,"G[0,2300.0] (x > 0.0)",DelayedQuantitative,Incremental,online,20000,50,0.005015954220007188,9.899082016339888e-05,2.507977110003594e-07,4.9495410081699435e-09,0.2507977110003594,0.004949541008169944,2300.0
6,"G[0,2400.0] (x > 0.0)",DelayedQuantitative,Incremental,online,20000,50,0.005037230840007396,8.41310628120728e-05,2.518615420003698e-07,4.20655314060364e-09,0.2518615420003698,0.00420655314060364,2400.0
6,"G[0,2500.0] (x > 0.0)",DelayedQuantitative,Incremental,online,20000,50,0.005018569220010249,0.00013716731926790969,2.5092846100051247e-07,6.8583659633954846e-09,0.25092846100051247,0.006858365963395485,2500.0
6,"G[0,2600.0] (x > 0.0)",DelayedQuantitative,Incremental,online,20000,50,0.004983096719997775,8.144403779803677e-05,2.4915483599988877e-07,4.0722018899018385e-09,0.24915483599988877,0.004072201889901838,2600.0
6,"G[0,2700.0] (x > 0.0)",DelayedQuantitative,Incremental,online,20000,50,0.005091528319985628,0.000130581957333724,2.545764159992814e-07,6.529097866686199e-09,0.25457641599928144,0.006529097866686199,2700.0
6,"G[0,2800.0] (x > 0.0)",DelayedQuantitative,Incremental,online,20000,50,0.004945680740011085,6.282314276133953e-05,2.4728403700055423e-07,3.141157138066976e-09,0.24728403700055424,0.003141157138066976,2800.0
6,"G[0,2900.0] (x > 0.0)",DelayedQuantitative,Incremental,online,20000,50,0.005182819180013212,7.530173523742821e-05,2.591409590006606e-07,3.7650867618714104e-09,0.2591409590006606,0.0037650867618714105,2900.0
6,"G[0,3000.0] (x > 0.0)",DelayedQuantitative,Incremental,online,20000,50,0.0049963925000201925,0.00010015865783669748,2.498196250010096e-07,5.007932891834874e-09,0.24981962500100963,0.005007932891834874,3000.0
6,"G[0,3100.0] (x > 0.0)",DelayedQuantitative,Incremental,online,20000,50,0.00515004415999556,0.0001326287338232423,2.5750220799977796e-07,6.6314366911621155e-09,0.25750220799977797,0.0066314366911621155,3100.0
6,"G[0,3200.0] (x > 0.0)",DelayedQuantitative,Incremental,online,20000,50,0.005033580819986128,0.00012228702754778163,2.516790409993064e-07,6.114351377389081e-09,0.2516790409993064,0.006114351377389081,3200.0
6,"G[0,3300.0] (x > 0.0)",DelayedQuantitative,Incremental,online,20000,50,0.005047565059971931,8.560218037403652e-05,2.523782529985965e-07,4.280109018701826e-09,0.2523782529985965,0.0042801090187018255,3300.0
6,"G[0,3400.0] (x > 0.0)",DelayedQuantitative,Incremental,online,20000,50,0.005292559160016026,7.687659957745709e-05,2.646279580008013e-07,3.843829978872854e-09,0.2646279580008013,0.0038438299788728543,3400.0
6,"G[0,3500.0] (x > 0.0)",DelayedQuantitative,Incremental,online,20000,50,0.005333466580004824,0.00011860669242368773,2.666733290002412e-07,5.930334621184387e-09,0.2666733290002412,0.005930334621184387,3500.0
6,"G[0,3600.0] (x > 0.0)",DelayedQuantitative,Incremental,online,20000,50,0.005249406740013,0.00012472236871600135,2.6247033700065004e-07,6.236118435800068e-09,0.26247033700065003,0.006236118435800068,3600.0
6,"G[0,3700.0] (x > 0.0)",DelayedQuantitative,Incremental,online,20000,50,0.005359283300026618,8.183699428864798e-05,2.6796416500133095e-07,4.091849714432399e-09,0.26796416500133097,0.0040918497144323985,3700.0
6,"G[0,3800.0] (x > 0.0)",DelayedQuantitative,Incremental,online,20000,50,0.005292374260016004,0.00011213196918617564,2.646187130008002e-07,5.606598459308782e-09,0.2646187130008002,0.005606598459308782,3800.0
6,"G[0,3900.0] (x > 0.0)",DelayedQuantitative,Incremental,online,20000,50,0.00534878836000189,0.00010665849557521714,2.674394180000945e-07,5.332924778760857e-09,0.2674394180000945,0.005332924778760857,3900.0
6,"G[0,4000.0] (x > 0.0)",DelayedQuantitative,Incremental,online,20000,50,0.005286977480009228,8.614709788825973e-05,2.6434887400046137e-07,4.307354894412986e-09,0.26434887400046136,0.004307354894412987,4000.0
6,"G[0,4100.0] (x > 0.0)",DelayedQuantitative,Incremental,online,20000,50,0.005293639940014146,0.00013979845334290348,2.646819970007073e-07,6.989922667145174e-09,0.26468199700070727,0.006989922667145174,4100.0
6,"G[0,4200.0] (x > 0.0)",DelayedQuantitative,Incremental,online,20000,50,0.005274146640012987,7.802219556028691e-05,2.6370733200064934e-07,3.901109778014346e-09,0.26370733200064933,0.003901109778014346,4200.0
6,"G[0,4300.0] (x > 0.0)",DelayedQuantitative,Incremental,online,20000,50,0.005272578340004656,0.00013189610224678986,2.636289170002328e-07,6.594805112339493e-09,0.2636289170002328,0.006594805112339493,4300.0
6,"G[0,4400.0] (x > 0.0)",DelayedQuantitative,Incremental,online,20000,50,0.005240485020003689,7.433533027518475e-05,2.6202425100018447e-07,3.7167665137592374e-09,0.26202425100018445,0.0037167665137592372,4400.0
6,"G[0,4500.0] (x > 0.0)",DelayedQuantitative,Incremental,online,20000,50,0.005271992579992002,0.00012890003785208425,2.635996289996001e-07,6.445001892604213e-09,0.2635996289996001,0.0064450018926042124,4500.0
6,"G[0,4600.0] (x > 0.0)",DelayedQuantitative,Incremental,online,20000,50,0.0052331916399771215,8.058354926031603e-05,2.616595819988561e-07,4.0291774630158015e-09,0.2616595819988561,0.004029177463015801,4600.0
6,"G[0,4700.0] (x > 0.0)",DelayedQuantitative,Incremental,online,20000,50,0.005260894240027483,0.00011447582561573594,2.6304471200137415e-07,5.723791280786797e-09,0.26304471200137414,0.005723791280786797,4700.0
6,"G[0,4800.0] (x > 0.0)",DelayedQuantitative,Incremental,online,20000,50,0.005106755820002036,0.00010964413261673863,2.553377910001018e-07,5.482206630836931e-09,0.2553377910001018,0.005482206630836931,4800.0
6,"G[0,4900.0] (x > 0.0)",DelayedQuantitative,Incremental,online,20000,50,0.005226669180019599,8.286360374349875e-05,2.6133345900097994e-07,4.1431801871749375e-09,0.26133345900097993,0.004143180187174938,4900.0
6,"G[0,5000.0] (x > 0.0)",DelayedQuantitative,Incremental,online,20000,50,0.005106587560007938,0.0001338711148489646,2.553293780003969e-07,6.69355574244823e-09,0.2553293780003969,0.00669355574244823,5000.0
7,"F[0,1.0] (x > 0.0)",DelayedQuantitative,Incremental,online,20000,50,0.0051891641199836155,9.750007943452981e-05,2.594582059991808e-07,4.8750039717264905e-09,0.2594582059991808,0.00487500397172649,1.0
7,"F[0,100.0] (x > 0.0)",DelayedQuantitative,Incremental,online,20000,50,0.0054561208399854875,0.00013293220710364263,2.7280604199927437e-07,6.646610355182132e-09,0.2728060419992744,0.006646610355182132,100.0
7,"F[0,200.0] (x > 0.0)",DelayedQuantitative,Incremental,online,20000,50,0.005552669999997306,6.49333211860096e-05,2.776334999998653e-07,3.24666605930048e-09,0.2776334999998653,0.00324666605930048,200.0
7,"F[0,300.0] (x > 0.0)",DelayedQuantitative,Incremental,online,20000,50,0.005182604180004091,0.00012438416783903898,2.5913020900020454e-07,6.219208391951949e-09,0.25913020900020456,0.006219208391951949,300.0
7,"F[0,400.0] (x > 0.0)",DelayedQuantitative,Incremental,online,20000,50,0.0052770782799962035,9.731494283304629e-05,2.638539139998102e-07,4.865747141652315e-09,0.2638539139998102,0.004865747141652315,400.0
7,"F[0,500.0] (x > 0.0)",DelayedQuantitative,Incremental,online,20000,50,0.005173122500004865,0.00013212286753389168,2.5865612500024324e-07,6.606143376694584e-09,0.25865612500024326,0.0066061433766945845,500.0
7,"F[0,600.0] (x > 0.0)",DelayedQuantitative,Incremental,online,20000,50,0.00521009422001498,0.00010132295826529818,2.60504711000749e-07,5.0661479132649095e-09,0.260504711000749,0.00506614791326491,600.0
7,"F[0,700.0] (x > 0.0)",DelayedQuantitative,Incremental,online,20000,50,0.005193339179986651,0.00011375106790450937,2.5966695899933257e-07,5.687553395225468e-09,0.25966695899933256,0.005687553395225468,700.0
7,"F[0,800.0] (x > 0.0)",DelayedQuantitative,Incremental,online,20000,50,0.005329191660016477,9.413648892920433e-05,2.6645958300082383e-07,4.706824446460216e-09,0.26645958300082384,0.004706824446460216,800.0
7,"F[0,900.0] (x > 0.0)",DelayedQuantitative,Incremental,online,20000,50,0.004974177499998404,0.00010976958930216201,2.487088749999202e-07,5.4884794651081006e-09,0.24870887499992023,0.005488479465108101,900.0
7,"F[0,1000.0] (x > 0.0)",DelayedQuantitative,Incremental,online,20000,50,0.005197079180006768,0.0001263242674163767,2.598539590003384e-07,6.316213370818835e-09,0.2598539590003384,0.006316213370818835,1000.0
7,"F[0,1100.0] (x > 0.0)",DelayedQuantitative,Incremental,online,20000,50,0.005017424940006094,0.00010136120316950122,2.508712470003047e-07,5.068060158475061e-09,0.2508712470003047,0.005068060158475061,1100.0
7,"F[0,1200.0] (x > 0.0)",DelayedQuantitative,Incremental,online,20000,50,0.005245576740007891,0.00011438839554058331,2.6227883700039457e-07,5.719419777029165e-09,0.26227883700039456,0.005719419777029165,1200.0
7,"F[0,1300.0] (x > 0.0)",DelayedQuantitative,Incremental,online,20000,50,0.005092120839999552,0.00011655609395076241,2.546060419999776e-07,5.827804697538121e-09,0.2546060419999776,0.005827804697538121,1300.0
7,"F[0,1400.0] (x > 0.0)",DelayedQuantitative,Incremental,online,20000,50,0.005200536639995335,0.00012050855933989861,2.600268319997667e-07,6.02542796699493e-09,0.2600268319997667,0.00602542796699493,1400.0
7,"F[0,1500.0] (x > 0.0)",DelayedQuantitative,Incremental,online,20000,50,0.0051883300400004375,0.00012388141015244933,2.5941650200002186e-07,6.194070507622467e-09,0.25941650200002186,0.006194070507622467,1500.0
7,"F[0,1600.0] (x > 0.0)",DelayedQuantitative,Incremental,online,20000,50,0.005184015740010182,0.00011808768876063191,2.592007870005091e-07,5.904384438031595e-09,0.2592007870005091,0.005904384438031595,1600.0
7,"F[0,1700.0] (x > 0.0)",DelayedQuantitative,Incremental,online,20000,50,0.00524908752000556,0.0001153170833232474,2.62454376000278e-07,5.76585416616237e-09,0.262454376000278,0.005765854166162369,1700.0
7,"F[0,1800.0] (x > 0.0)",DelayedQuantitative,Incremental,online,20000,50,0.005088196659999085,0.00015143254876541837,2.5440983299995425e-07,7.571627438270919e-09,0.25440983299995423,0.007571627438270919,1800.0
7,"F[0,1900.0] (x > 0.0)",DelayedQuantitative,Incremental,online,20000,50,0.005072278260017811,0.0001519183867823107,2.536139130008905e-07,7.595919339115535e-09,0.25361391300089053,0.007595919339115535,1900.0
7,"F[0,2000.0] (x > 0.0)",DelayedQuantitative,Incremental,online,20000,50,0.005068684140028381,0.00010475142218170123,2.53434207001419e-07,5.237571109085062e-09,0.253434207001419,0.005237571109085062,2000.0
7,"F[0,2100.0] (x > 0.0)",DelayedQuantitative,Incremental,online,20000,50,0.004975974199987831,0.00010313155228149414,2.4879870999939155e-07,5.156577614074707e-09,0.24879870999939155,0.005156577614074707,2100.0
7,"F[0,2200.0] (x > 0.0)",DelayedQuantitative,Incremental,online,20000,50,0.00503436756001065,0.00010336656379844811,2.517183780005325e-07,5.1683281899224056e-09,0.2517183780005325,0.005168328189922406,2200.0
7,"F[0,2300.0] (x > 0.0)",DelayedQuantitative,Incremental,online,20000,50,0.005169211580000593,8.153318607625198e-05,2.5846057900002963e-07,4.076659303812599e-09,0.2584605790000296,0.004076659303812599,2300.0
7,"F[0,2400.0] (x > 0.0)",DelayedQuantitative,Incremental,online,20000,50,0.005251688299999842,0.00011115476147231648,2.625844149999921e-07,5.557738073615824e-09,0.2625844149999921,0.005557738073615824,2400.0
7,"F[0,2500.0] (x > 0.0)",DelayedQuantitative,Incremental,online,20000,50,0.005290843339989806,0.00014464821212972087,2.6454216699949034e-07,7.232410606486043e-09,0.26454216699949035,0.0072324106064860436,2500.0
7,"F[0,2600.0] (x > 0.0)",DelayedQuantitative,Incremental,online,20000,50,0.005303464160010663,7.838477756329855e-05,2.6517320800053313e-07,3.919238878164928e-09,0.2651732080005331,0.003919238878164927,2600.0
7,"F[0,2700.0] (x > 0.0)",DelayedQuantitative,Incremental,online,20000,50,0.005291979199996604,7.509086978198584e-05,2.645989599998302e-07,3.754543489099292e-09,0.2645989599998302,0.003754543489099292,2700.0
7,"F[0,2800.0] (x > 0.0)",DelayedQuantitative,Incremental,online,20000,50,0.005250596639994001,0.00013965976412417866,2.625298319997001e-07,6.982988206208933e-09,0.2625298319997001,0.006982988206208933,2800.0
7,"F[0,2900.0] (x > 0.0)",DelayedQuantitative,Incremental,online,20000,50,0.005286010040008477,7.237257218048586e-05,2.6430050200042386e-07,3.618628609024293e-09,0.2643005020004239,0.0036186286090242933,2900.0
7,"F[0,3000.0] (x > 0.0)",DelayedQuantitative,Incremental,online,20000,50,0.005259164140020403,0.00010497559543246561,2.629582070010201e-07,5.248779771623281e-09,0.26295820700102013,0.005248779771623281,3000.0
7,"F[0,3100.0] (x > 0.0)",DelayedQuantitative,Incremental,online,20000,50,0.005310065780004152,0.00010273176183904885,2.655032890002076e-07,5.136588091952443e-09,0.2655032890002076,0.005136588091952442,3100.0
7,"F[0,3200.0] (x > 0.0)",DelayedQuantitative,Incremental,online,20000,50,0.005365009119991555,9.008242368638208e-05,2.6825045599957775e-07,4.504121184319104e-09,0.26825045599957775,0.004504121184319104,3200.0
7,"F[0,3300.0] (x > 0.0)",DelayedQuantitative,Incremental,online,20000,50,0.005253737520006325,0.0001022745595908102,2.6268687600031624e-07,5.11372797954051e-09,0.26268687600031626,0.0051137279795405105,3300.0
7,"F[0,3400.0] (x > 0.0)",DelayedQuantitative,Incremental,online,20000,50,0.005423120839991497,0.00015687644988880502,2.711560419995749e-07,7.843822494440251e-09,0.2711560419995749,0.007843822494440251,3400.0
7,"F[0,3500.0] (x > 0.0)",DelayedQuantitative,Incremental,online,20000,50,0.005306418359987219,9.155792945694711e-05,2.6532091799936096e-07,4.577896472847355e-09,0.265320917999361,0.004577896472847356,3500.0
7,"F[0,3600.0] (x > 0.0)",DelayedQuantitative,Incremental,online,20000,50,0.005326748339975893,0.0001248775880817916,2.6633741699879466e-07,6.243879404089579e-09,0.26633741699879465,0.006243879404089579,3600.0
7,"F[0,3700.0] (x > 0.0)",DelayedQuantitative,Incremental,online,20000,50,0.005311540839984446,7.871292944398528e-05,2.655770419992223e-07,3.935646472199264e-09,0.26557704199922233,0.003935646472199264,3700.0
7,"F[0,3800.0] (x > 0.0)",DelayedQuantitative,Incremental,online,20000,50,0.0053526342199984355,0.0001369186214303267,2.676317109999218e-07,6.845931071516334e-09,0.2676317109999218,0.006845931071516334,3800.0
7,"F[0,3900.0] (x > 0.0)",DelayedQuantitative,Incremental,online,20000,50,0.005354694140009997,6.288658097131707e-05,2.6773470700049986e-07,3.1443290485658534e-09,0.26773470700049984,0.0031443290485658536,3900.0
7,"F[0,4000.0] (x > 0.0)",DelayedQuantitative,Incremental,online,20000,50,0.005322889160006525,0.00013500489737144428,2.6614445800032626e-07,6.750244868572214e-09,0.26614445800032627,0.006750244868572214,4000.0
7,"F[0,4100.0] (x > 0.0)",DelayedQuantitative,Incremental,online,20000,50,0.005309575040000709,6.032607378725837e-05,2.6547875200003546e-07,3.0163036893629184e-09,0.26547875200003546,0.0030163036893629184,4100.0
7,"F[0,4200.0] (x > 0.0)",DelayedQuantitative,Incremental,online,20000,50,0.00528291577998516,0.00012983888561785942,2.64145788999258e-07,6.491944280892971e-09,0.264145788999258,0.006491944280892971,4200.0
7,"F[0,4300.0] (x > 0.0)",DelayedQuantitative,Incremental,online,20000,50,0.005087892560009095,0.00022807751761069403,2.5439462800045475e-07,1.1403875880534702e-08,0.25439462800045476,0.011403875880534702,4300.0
7,"F[0,4400.0] (x > 0.0)",DelayedQuantitative,Incremental,online,20000,50,0.005118329239999184,9.359743781807131e-05,2.559164619999592e-07,4.679871890903566e-09,0.2559164619999592,0.004679871890903566,4400.0
7,"F[0,4500.0] (x > 0.0)",DelayedQuantitative,Incremental,online,20000,50,0.004923276659992553,6.171155767844604e-05,2.4616383299962763e-07,3.0855778839223024e-09,0.24616383299962763,0.0030855778839223025,4500.0
7,"F[0,4600.0] (x > 0.0)",DelayedQuantitative,Incremental,online,20000,50,0.005088419179983248,0.0001004038779559274,2.544209589991624e-07,5.0201938977963696e-09,0.2544209589991624,0.005020193897796369,4600.0
7,"F[0,4700.0] (x > 0.0)",DelayedQuantitative,Incremental,online,20000,50,0.004929937459987741,0.00010704706958405257,2.4649687299938704e-07,5.352353479202629e-09,0.24649687299938705,0.005352353479202629,4700.0
7,"F[0,4800.0] (x > 0.0)",DelayedQuantitative,Incremental,online,20000,50,0.0050317725000104474,0.00011936523681818615,2.515886250005224e-07,5.968261840909307e-09,0.25158862500052237,0.005968261840909307,4800.0
7,"F[0,4900.0] (x > 0.0)",DelayedQuantitative,Incremental,online,20000,50,0.004905243340008383,0.00011817898428749132,2.452621670004191e-07,5.908949214374566e-09,0.2452621670004191,0.005908949214374566,4900.0
7,"F[0,5000.0] (x > 0.0)",DelayedQuantitative,Incremental,online,20000,50,0.004990385940009219,0.00011816747123160491,2.4951929700046096e-07,5.9083735615802455e-09,0.24951929700046097,0.005908373561580246,5000.0
1,(x < 0.5) and (x > -0.5),DelayedQualitative,Incremental,online,20000,50,0.004785173499990378,0.00010626163134501394,2.3925867499951894e-07,5.313081567250697e-09,0.23925867499951894,0.005313081567250697,0.0
2,"G[0,1000] (x > 0.5 -> F[0,100] (x < 0.0))",DelayedQualitative,Incremental,online,20000,50,0.009129426640010934,0.00012135651541134684,4.5647133200054673e-07,6.067825770567342e-09,0.45647133200054674,0.006067825770567342,1100.0
3,"(x < 0.5) U[0,1000] (x < 0.0)",DelayedQualitative,Incremental,online,20000,50,0.07812210666000738,0.0011141528084519143,3.906105333000369e-06,5.570764042259572e-08,3.9061053330003688,0.05570764042259572,1000.0
4,"(G[0,100] (x < 0.5)) or (G[100,150] (x > 0.0))",DelayedQualitative,Incremental,online,20000,50,0.009294610040001317,8.795069325184204e-05,4.6473050200006583e-07,4.3975346625921014e-09,0.4647305020000658,0.004397534662592102,150.0
5,"(x < 0.0) U[0,1.0] (x > 0.0)",DelayedQualitative,Incremental,online,20000,50,0.007656650000008085,0.00016304238741253038,3.8283250000040426e-07,8.15211937062652e-09,0.38283250000040425,0.00815211937062652,1.0
5,"(x < 0.0) U[0,100.0] (x > 0.0)",DelayedQualitative,Incremental,online,20000,50,0.019473696600007317,0.00017281039100607067,9.736848300003658e-07,8.640519550303533e-09,0.9736848300003659,0.008640519550303533,100.0
5,"(x < 0.0) U[0,200.0] (x > 0.0)",DelayedQualitative,Incremental,online,20000,50,0.0254338382999822,0.00017947307344074966,1.27169191499911e-06,8.973653672037484e-09,1.27169191499911,0.008973653672037485,200.0
5,"(x < 0.0) U[0,300.0] (x > 0.0)",DelayedQualitative,Incremental,online,20000,50,0.03326982002000932,0.0003797868923821459,1.663491001000466e-06,1.8989344619107296e-08,1.663491001000466,0.018989344619107295,300.0
5,"(x < 0.0) U[0,400.0] (x > 0.0)",DelayedQualitative,Incremental,online,20000,50,0.03883740664000925,0.0003894410670998723,1.9418703320004624e-06,1.9472053354993613e-08,1.9418703320004624,0.019472053354993614,400.0
5,"(x < 0.0) U[0,500.0] (x > 0.0)",DelayedQualitative,Incremental,online,20000,50,0.044644187359999705,0.0003248886213819682,2.2322093679999853e-06,1.6244431069098408e-08,2.2322093679999853,0.016244431069098408,500.0
5,"(x < 0.0) U[0,600.0] (x > 0.0)",DelayedQualitative,Incremental,online,20000,50,0.05347580084001493,0.0005153823688815615,2.6737900420007465e-06,2.5769118444078075e-08,2.6737900420007463,0.025769118444078074,600.0
5,"(x < 0.0) U[0,700.0] (x > 0.0)",DelayedQualitative,Incremental,online,20000,50,0.05975312920000761,0.0006451806459910052,2.9876564600003806e-06,3.225903229955026e-08,2.9876564600003808,0.03225903229955026,700.0
5,"(x < 0.0) U[0,800.0] (x > 0.0)",DelayedQualitative,Incremental,online,20000,50,0.0650384633800013,0.0005501173639138415,3.251923169000065e-06,2.7505868195692072e-08,3.251923169000065,0.027505868195692073,800.0
5,"(x < 0.0) U[0,900.0] (x > 0.0)",DelayedQualitative,Incremental,online,20000,50,0.07124997173999419,0.0008665467625397183,3.5624985869997093e-06,4.332733812698591e-08,3.5624985869997094,0.043327338126985915,900.0
5,"(x < 0.0) U[0,1000.0] (x > 0.0)",DelayedQualitative,Incremental,online,20000,50,0.078530523419995,0.001003477389187494,3.92652617099975e-06,5.0173869459374705e-08,3.92652617099975,0.05017386945937471,1000.0
5,"(x < 0.0) U[0,1100.0] (x > 0.0)",DelayedQualitative,Incremental,online,20000,50,0.08765760002001116,0.0019052492518537485,4.382880001000558e-06,9.526246259268742e-08,4.382880001000558,0.09526246259268742,1100.0
5,"(x < 0.0) U[0,1200.0] (x > 0.0)",DelayedQualitative,Incremental,online,20000,50,0.09244215006002378,0.000716225307773198,4.622107503001189e-06,3.58112653886599e-08,4.622107503001189,0.0358112653886599,1200.0
5,"(x < 0.0) U[0,1300.0] (x > 0.0)",DelayedQualitative,Incremental,online,20000,50,0.10159557336000943,0.0020258108654710267,5.079778668000472e-06,1.0129054327355134e-07,5.079778668000472,0.10129054327355135,1300.0
5,"(x < 0.0) U[0,1400.0] (x > 0.0)",DelayedQualitative,Incremental,online,20000,50,0.10788266078000561,0.0007639283846737827,5.39413303900028e-06,3.8196419233689135e-08,5.39413303900028,0.03819641923368913,1400.0
5,"(x < 0.0) U[0,1500.0] (x > 0.0)",DelayedQualitative,Incremental,online,20000,50,0.11533210671998403,0.0004550480274577983,5.766605335999202e-06,2.2752401372889916e-08,5.766605335999202,0.022752401372889915,1500.0
5,"(x < 0.0) U[0,1600.0] (x > 0.0)",DelayedQualitative,Incremental,online,20000,50,0.12107765336000284,0.0007696025591547452,6.053882668000142e-06,3.848012795773726e-08,6.053882668000142,0.038480127957737253,1600.0
5,"(x < 0.0) U[0,1700.0] (x > 0.0)",DelayedQualitative,Incremental,online,20000,50,0.12798708742001053,0.0005577885156643468,6.399354371000527e-06,2.788942578321734e-08,6.399354371000527,0.027889425783217337,1700.0
5,"(x < 0.0) U[0,1800.0] (x > 0.0)",DelayedQualitative,Incremental,online,20000,50,0.13330585588002578,0.0008952041769209769,6.665292794001289e-06,4.4760208846048846e-08,6.665292794001289,0.044760208846048845,1800.0
5,"(x < 0.0) U[0,1900.0] (x > 0.0)",DelayedQualitative,Incremental,online,20000,50,0.1393675807600175,0.0009711708573276306,6.9683790380008755e-06,4.855854286638153e-08,6.968379038000876,0.048558542866381525,1900.0
5,"(x < 0.0) U[0,2000.0] (x > 0.0)",DelayedQualitative,Incremental,online,20000,50,0.14557603088001086,0.0008588080893104747,7.278801544000543e-06,4.294040446552373e-08,7.278801544000543,0.04294040446552373,2000.0
5,"(x < 0.0) U[0,2100.0] (x > 0.0)",DelayedQualitative,Incremental,online,20000,50,0.1524170400199955,0.0015295650631638048,7.6208520009997755e-06,7.647825315819024e-08,7.6208520009997756,0.07647825315819023,2100.0
5,"(x < 0.0) U[0,2200.0] (x > 0.0)",DelayedQualitative,Incremental,online,20000,50,0.1573212182200132,0.0013088866807184425,7.86606091100066e-06,6.544433403592213e-08,7.86606091100066,0.06544433403592213,2200.0
5,"(x < 0.0) U[0,2300.0] (x > 0.0)",DelayedQualitative,Incremental,online,20000,50,0.16364311667999118,0.00140136779424364,8.18215583399956e-06,7.0068389712182e-08,8.182155833999559,0.070068389712182,2300.0
5,"(x < 0.0) U[0,2400.0] (x > 0.0)",DelayedQualitative,Incremental,online,20000,50,0.16910848916000304,0.0015060184280252175,8.455424458000152e-06,7.530092140126088e-08,8.455424458000152,0.07530092140126088,2400.0
5,"(x < 0.0) U[0,2500.0] (x > 0.0)",DelayedQualitative,Incremental,online,20000,50,0.17460121916001298,0.0016097835663550642,8.730060958000649e-06,8.048917831775321e-08,8.730060958000648,0.08048917831775321,2500.0
5,"(x < 0.0) U[0,2600.0] (x > 0.0)",DelayedQualitative,Incremental,online,20000,50,0.17918328243998985,0.0016510886910900725,8.959164121999492e-06,8.255443455450363e-08,8.959164121999493,0.08255443455450363,2600.0
5,"(x < 0.0) U[0,2700.0] (x > 0.0)",DelayedQualitative,Incremental,online,20000,50,0.184503731660011,0.0016623703482788806,9.22518658300055e-06,8.311851741394403e-08,9.22518658300055,0.08311851741394403,2700.0
5,"(x < 0.0) U[0,2800.0] (x > 0.0)",DelayedQualitative,Incremental,online,20000,50,0.18904289576002611,0.0013244078343386519,9.452144788001306e-06,6.62203917169326e-08,9.452144788001306,0.0662203917169326,2800.0
5,"(x < 0.0) U[0,2900.0] (x > 0.0)",DelayedQualitative,Incremental,online,20000,50,0.1947859299999891,0.0014462966700010721,9.739296499999455e-06,7.23148335000536e-08,9.739296499999455,0.0723148335000536,2900.0
5,"(x < 0.0) U[0,3000.0] (x > 0.0)",DelayedQualitative,Incremental,online,20000,50,0.19906549501999962,0.0013055285779399923,9.953274750999981e-06,6.527642889699962e-08,9.95327475099998,0.06527642889699962,3000.0
5,"(x < 0.0) U[0,3100.0] (x > 0.0)",DelayedQualitative,Incremental,online,20000,50,0.20430261664001592,0.0013253474389767932,1.0215130832000796e-05,6.626737194883967e-08,10.215130832000796,0.06626737194883967,3100.0
5,"(x < 0.0) U[0,3200.0] (x > 0.0)",DelayedQualitative,Incremental,online,20000,50,0.2096527633800224,0.0009869028339902044,1.0482638169001119e-05,4.934514169951022e-08,10.482638169001119,0.04934514169951022,3200.0
5,"(x < 0.0) U[0,3300.0] (x > 0.0)",DelayedQualitative,Incremental,online,20000,50,0.21476078917998165,0.0013441594035603144,1.0738039458999083e-05,6.720797017801573e-08,10.738039458999083,0.06720797017801572,3300.0
5,"(x < 0.0) U[0,3400.0] (x > 0.0)",DelayedQualitative,Incremental,online,20000,50,0.21966285661998428,0.0016068672578422893,1.0983142830999213e-05,8.034336289211446e-08,10.983142830999213,0.08034336289211445,3400.0
5,"(x < 0.0) U[0,3500.0] (x > 0.0)",DelayedQualitative,Incremental,online,20000,50,0.22539126752000813,0.0020220730277957562,1.1269563376000405e-05,1.0110365138978781e-07,11.269563376000406,0.10110365138978782,3500.0
5,"(x < 0.0) U[0,3600.0] (x > 0.0)",DelayedQualitative,Incremental,online,20000,50,0.2289984366599947,0.0016701855661718711,1.1449921832999735e-05,8.350927830859356e-08,11.449921832999735,0.08350927830859356,3600.0
5,"(x < 0.0) U[0,3700.0] (x > 0.0)",DelayedQualitative,Incremental,online,20000,50,0.23481252340000083,0.0016031538022254468,1.1740626170000041e-05,8.015769011127235e-08,11.740626170000041,0.08015769011127234,3700.0
5,"(x < 0.0) U[0,3800.0] (x > 0.0)",DelayedQualitative,Incremental,online,20000,50,0.23927453492000494,0.0021431436988961937,1.1963726746000248e-05,1.0715718494480968e-07,11.963726746000248,0.10715718494480968,3800.0
5,"(x < 0.0) U[0,3900.0] (x > 0.0)",DelayedQualitative,Incremental,online,20000,50,0.24300144003998866,0.0015780725777826221,1.2150072001999434e-05,7.890362888913111e-08,12.150072001999433,0.0789036288891311,3900.0
5,"(x < 0.0) U[0,4000.0] (x > 0.0)",DelayedQualitative,Incremental,online,20000,50,0.24824803751998842,0.0014889576468628048,1.241240187599942e-05,7.444788234314023e-08,12.41240187599942,0.07444788234314023,4000.0
5,"(x < 0.0) U[0,4100.0] (x > 0.0)",DelayedQualitative,Incremental,online,20000,50,0.2995515683000076,0.03322519274770485,1.4977578415000381e-05,1.6612596373852425e-06,14.97757841500038,1.6612596373852426,4100.0
5,"(x < 0.0) U[0,4200.0] (x > 0.0)",DelayedQualitative,Incremental,online,20000,50,0.3188094575799914,0.03376452949185158,1.5940472878999572e-05,1.688226474592579e-06,15.940472878999572,1.688226474592579,4200.0
5,"(x < 0.0) U[0,4300.0] (x > 0.0)",DelayedQualitative,Incremental,online,20000,50,0.31662107163999736,0.03093025265280229,1.5831053581999868e-05,1.5465126326401145e-06,15.831053581999868,1.5465126326401144,4300.0
5,"(x < 0.0) U[0,4400.0] (x > 0.0)",DelayedQualitative,Incremental,online,20000,50,0.321562603279981,0.02929237130253867,1.607813016399905e-05,1.4646185651269334e-06,16.07813016399905,1.4646185651269334,4400.0
5,"(x < 0.0) U[0,4500.0] (x > 0.0)",DelayedQualitative,Incremental,online,20000,50,0.3277904150800214,0.02551572152342135,1.638952075400107e-05,1.2757860761710674e-06,16.38952075400107,1.2757860761710675,4500.0
5,"(x < 0.0) U[0,4600.0] (x > 0.0)",DelayedQualitative,Incremental,online,20000,50,0.3284280232799938,0.0271177884131633,1.642140116399969e-05,1.3558894206581649e-06,16.42140116399969,1.3558894206581649,4600.0
5,"(x < 0.0) U[0,4700.0] (x > 0.0)",DelayedQualitative,Incremental,online,20000,50,0.3287652707599682,0.029370022724299075,1.643826353799841e-05,1.4685011362149538e-06,16.438263537998413,1.4685011362149538,4700.0
5,"(x < 0.0) U[0,4800.0] (x > 0.0)",DelayedQualitative,Incremental,online,20000,50,0.34170005747999765,0.025437447870183674,1.7085002873999883e-05,1.2718723935091837e-06,17.085002873999883,1.2718723935091836,4800.0
5,"(x < 0.0) U[0,4900.0] (x > 0.0)",DelayedQualitative,Incremental,online,20000,50,0.3356311032599979,0.021700267936134072,1.6781555162999895e-05,1.0850133968067037e-06,16.781555162999897,1.0850133968067037,4900.0
5,"(x < 0.0) U[0,5000.0] (x > 0.0)",DelayedQualitative,Incremental,online,20000,50,0.34962594082000575,0.028050262343544692,1.7481297041000288e-05,1.4025131171772346e-06,17.48129704100029,1.4025131171772347,5000.0
6,"G[0,1.0] (x > 0.0)",DelayedQualitative,Incremental,online,20000,50,0.004949089999986427,0.00018014212558369936,2.4745449999932134e-07,9.007106279184968e-09,0.24745449999932134,0.009007106279184968,1.0
6,"G[0,100.0] (x > 0.0)",DelayedQualitative,Incremental,online,20000,50,0.005253608339985476,0.0001271459780041648,2.626804169992738e-07,6.35729890020824e-09,0.2626804169992738,0.0063572989002082395,100.0
6,"G[0,200.0] (x > 0.0)",DelayedQualitative,Incremental,online,20000,50,0.0053194350200192276,0.00014766242339191347,2.6597175100096137e-07,7.383121169595673e-09,0.2659717510009614,0.007383121169595674,200.0
6,"G[0,300.0] (x > 0.0)",DelayedQualitative,Incremental,online,20000,50,0.005111353319998671,0.00010784763209650159,2.555676659999335e-07,5.39238160482508e-09,0.2555676659999335,0.00539238160482508,300.0
6,"G[0,400.0] (x > 0.0)",DelayedQualitative,Incremental,online,20000,50,0.005177348320007696,0.00010913349901556651,2.588674160003848e-07,5.456674950778326e-09,0.2588674160003848,0.005456674950778326,400.0
6,"G[0,500.0] (x > 0.0)",DelayedQualitative,Incremental,online,20000,50,0.005086903279993749,0.00013137689176527441,2.543451639996874e-07,6.568844588263721e-09,0.25434516399968743,0.006568844588263721,500.0
6,"G[0,600.0] (x > 0.0)",DelayedQualitative,Incremental,online,20000,50,0.005351025020004272,9.753452125590444e-05,2.6755125100021363e-07,4.876726062795222e-09,0.26755125100021365,0.004876726062795222,600.0
6,"G[0,700.0] (x > 0.0)",DelayedQualitative,Incremental,online,20000,50,0.00514546414000506,0.00012078180137542753,2.57273207000253e-07,6.039090068771377e-09,0.257273207000253,0.006039090068771377,700.0
6,"G[0,800.0] (x > 0.0)",DelayedQualitative,Incremental,online,20000,50,0.005318600120008341,0.00015982386242423336,2.65930006000417e-07,7.991193121211668e-09,0.26593000600041705,0.007991193121211668,800.0
6,"G[0,900.0] (x > 0.0)",DelayedQualitative,Incremental,online,20000,50,0.004984469940009149,0.00010185718712776027,2.4922349700045743e-07,5.0928593563880135e-09,0.24922349700045743,0.005092859356388014,900.0
6,"G[0,1000.0] (x > 0.0)",DelayedQualitative,Incremental,online,20000,50,0.0050869506799699595,0.00014092279696109489,2.54347533998498e-07,7.046139848054744e-09,0.254347533998498,0.007046139848054744,1000.0
6,"G[0,1100.0] (x > 0.0)",DelayedQualitative,Incremental,online,20000,50,0.004966250000002219,0.00010367922283108912,2.4831250000011096e-07,5.183961141554456e-09,0.24831250000011096,0.005183961141554456,1100.0
6,"G[0,1200.0] (x > 0.0)",DelayedQualitative,Incremental,online,20000,50,0.005275746740003342,0.00011732360243608203,2.637873370001671e-07,5.866180121804102e-09,0.2637873370001671,0.005866180121804102,1200.0
6,"G[0,1300.0] (x > 0.0)",DelayedQualitative,Incremental,online,20000,50,0.005022545840015482,4.79174525561322e-05,2.511272920007741e-07,2.39587262780661e-09,0.2511272920007741,0.00239587262780661,1300.0
6,"G[0,1400.0] (x > 0.0)",DelayedQualitative,Incremental,online,20000,50,0.005297684060010397,0.00010955535445886824,2.6488420300051984e-07,5.477767722943412e-09,0.26488420300051985,0.0054777677229434114,1400.0
6,"G[0,1500.0] (x > 0.0)",DelayedQualitative,Incremental,online,20000,50,0.005118351700016319,0.00011005625797789822,2.5591758500081596e-07,5.502812898894911e-09,0.25591758500081596,0.005502812898894911,1500.0
6,"G[0,1600.0] (x > 0.0)",DelayedQualitative,Incremental,online,20000,50,0.005215350779985783,0.00016181295238699146,2.6076753899928917e-07,8.090647619349572e-09,0.2607675389992892,0.008090647619349573,1600.0
6,"G[0,1700.0] (x > 0.0)",DelayedQualitative,Incremental,online,20000,50,0.005095506620014021,0.00011656134536804963,2.5477533100070104e-07,5.8280672684024815e-09,0.25477533100070104,0.005828067268402482,1700.0
6,"G[0,1800.0] (x > 0.0)",DelayedQualitative,Incremental,online,20000,50,0.005362415020008484,7.654997035043998e-05,2.681207510004242e-07,3.827498517521998e-09,0.2681207510004242,0.0038274985175219983,1800.0
6,"G[0,1900.0] (x > 0.0)",DelayedQualitative,Incremental,online,20000,50,0.0051981967200072175,9.793736877407545e-05,2.599098360003609e-07,4.896868438703773e-09,0.2599098360003609,0.0048968684387037725,1900.0
6,"G[0,2000.0] (x > 0.0)",DelayedQualitative,Incremental,online,20000,50,0.005334818379992612,9.876128226148695e-05,2.667409189996306e-07,4.938064113074348e-09,0.2667409189996306,0.004938064113074348,2000.0
6,"G[0,2100.0] (x > 0.0)",DelayedQualitative,Incremental,online,20000,50,0.005133254179995674,8.702975676395084e-05,2.566627089997837e-07,4.3514878381975426e-09,0.2566627089997837,0.004351487838197543,2100.0
6,"G[0,2200.0] (x > 0.0)",DelayedQualitative,Incremental,online,20000,50,0.005329760840004383,8.662357066197533e-05,2.6648804200021916e-07,4.331178533098767e-09,0.26648804200021914,0.004331178533098767,2200.0
6,"G[0,2300.0] (x > 0.0)",DelayedQualitative,Incremental,online,20000,50,0.00517900584000472,9.081902620881036e-05,2.58950292000236e-07,4.540951310440518e-09,0.258950292000236,0.0045409513104405184,2300.0
6,"G[0,2400.0] (x > 0.0)",DelayedQualitative,Incremental,online,20000,50,0.005327239159987585,8.239625689211335e-05,2.6636195799937925e-07,4.119812844605668e-09,0.26636195799937923,0.004119812844605668,2400.0
6,"G[0,2500.0] (x > 0.0)",DelayedQualitative,Incremental,online,20000,50,0.005166983399981291,0.00011050224673566401,2.5834916999906455e-07,5.525112336783201e-09,0.25834916999906454,0.005525112336783201,2500.0
6,"G[0,2600.0] (x > 0.0)",DelayedQualitative,Incremental,online,20000,50,0.005318254180015174,9.414553487422922e-05,2.6591270900075874e-07,4.707276743711461e-09,0.26591270900075875,0.004707276743711461,2600.0
6,"G[0,2700.0] (x > 0.0)",DelayedQualitative,Incremental,online,20000,50,0.005196485860010398,0.00013515730998589075,2.598242930005199e-07,6.7578654992945375e-09,0.2598242930005199,0.006757865499294537,2700.0
6,"G[0,2800.0] (x > 0.0)",DelayedQualitative,Incremental,online,20000,50,0.005323252500006675,7.996190561994693e-05,2.661626250003337e-07,3.998095280997346e-09,0.2661626250003337,0.003998095280997346,2800.0
6,"G[0,2900.0] (x > 0.0)",DelayedQualitative,Incremental,online,20000,50,0.005215899140030161,9.644943144625222e-05,2.60794957001508e-07,4.822471572312611e-09,0.260794957001508,0.004822471572312611,2900.0
6,"G[0,3000.0] (x > 0.0)",DelayedQualitative,Incremental,online,20000,50,0.005357344139993074,9.403570037250854e-05,2.6786720699965373e-07,4.701785018625427e-09,0.2678672069996537,0.004701785018625427,3000.0
6,"G[0,3100.0] (x > 0.0)",DelayedQualitative,Incremental,online,20000,50,0.005200545039997451,0.00011356955974949774,2.6002725199987254e-07,5.678477987474887e-09,0.26002725199987253,0.005678477987474887,3100.0
6,"G[0,3200.0] (x > 0.0)",DelayedQualitative,Incremental,online,20000,50,0.005338969980007277,9.084337435798737e-05,2.6694849900036385e-07,4.542168717899368e-09,0.2669484990003638,0.0045421687178993685,3200.0
6,"G[0,3300.0] (x > 0.0)",DelayedQualitative,Incremental,online,20000,50,0.005238923300016723,9.994384506228468e-05,2.619461650008361e-07,4.997192253114234e-09,0.2619461650008361,0.0049971922531142346,3300.0
6,"G[0,3400.0] (x > 0.0)",DelayedQualitative,Incremental,online,20000,50,0.0053398958400066475,8.744612039737375e-05,2.6699479200033236e-07,4.372306019868687e-09,0.2669947920003324,0.004372306019868688,3400.0
6,"G[0,3500.0] (x > 0.0)",DelayedQualitative,Incremental,online,20000,50,0.005207890779984154,0.00010610597494595493,2.603945389992077e-07,5.305298747297747e-09,0.2603945389992077,0.005305298747297747,3500.0
6,"G[0,3600.0] (x > 0.0)",DelayedQualitative,Incremental,online,20000,50,0.005347074999990582,9.563832439976644e-05,2.673537499995291e-07,4.781916219988322e-09,0.2673537499995291,0.0047819162199883225,3600.0
6,"G[0,3700.0] (x > 0.0)",DelayedQualitative,Incremental,online,20000,50,0.005125379120008802,0.00014230636614124214,2.5626895600044006e-07,7.115318307062107e-09,0.2562689560004401,0.0071153183070621065,3700.0
6,"G[0,3800.0] (x > 0.0)",DelayedQualitative,Incremental,online,20000,50,0.005053128419995119,0.00012042478165961372,2.52656420999756e-07,6.021239082980686e-09,0.252656420999756,0.006021239082980686,3800.0
6,"G[0,3900.0] (x > 0.0)",DelayedQualitative,Incremental,online,20000,50,0.005100815800001328,0.00011793537250040334,2.550407900000664e-07,5.896768625020167e-09,0.25504079000006635,0.005896768625020167,3900.0
6,"G[0,4000.0] (x > 0.0)",DelayedQualitative,Incremental,online,20000,50,0.005033064999993258,0.00010902638262369153,2.5165324999966287e-07,5.451319131184576e-09,0.2516532499996629,0.005451319131184576,4000.0
6,"G[0,4100.0] (x > 0.0)",DelayedQualitative,Incremental,online,20000,50,0.005153423340002519,0.00010517687900293238,2.5767116700012595e-07,5.2588439501466194e-09,0.25767116700012593,0.005258843950146619,4100.0
6,"G[0,4200.0] (x > 0.0)",DelayedQualitative,Incremental,online,20000,50,0.004969339139961448,5.884837930626519e-05,2.4846695699807244e-07,2.9424189653132596e-09,0.24846695699807245,0.0029424189653132595,4200.0
6,"G[0,4300.0] (x > 0.0)",DelayedQualitative,Incremental,online,20000,50,0.005094379999995909,0.00011699340466351568,2.547189999997954e-07,5.849670233175784e-09,0.2547189999997954,0.005849670233175785,4300.0
6,"G[0,4400.0] (x > 0.0)",DelayedQualitative,Incremental,online,20000,50,0.004958754120020785,0.00011198030390982304,2.4793770600103923e-07,5.599015195491152e-09,0.24793770600103923,0.005599015195491152,4400.0
6,"G[0,4500.0] (x > 0.0)",DelayedQualitative,Incremental,online,20000,50,0.004998973359993215,0.00012959821028113338,2.499486679996608e-07,6.479910514056669e-09,0.24994866799966078,0.006479910514056669,4500.0
6,"G[0,4600.0] (x > 0.0)",DelayedQualitative,Incremental,online,20000,50,0.005135710860013205,0.00010060082907880651,2.5678554300066025e-07,5.0300414539403255e-09,0.25678554300066025,0.005030041453940325,4600.0
6,"G[0,4700.0] (x > 0.0)",DelayedQualitative,Incremental,online,20000,50,0.004892069980010092,0.00010284462969282922,2.446034990005046e-07,5.1422314846414605e-09,0.24460349900050463,0.00514223148464146,4700.0
6,"G[0,4800.0] (x > 0.0)",DelayedQualitative,Incremental,online,20000,50,0.004972000900015701,0.00014806206164773568,2.4860004500078503e-07,7.4031030823867844e-09,0.24860004500078503,0.007403103082386784,4800.0
6,"G[0,4900.0] (x > 0.0)",DelayedQualitative,Incremental,online,20000,50,0.004922781699992811,0.0001222594299001993,2.4613908499964056e-07,6.112971495009966e-09,0.24613908499964057,0.006112971495009966,4900.0
6,"G[0,5000.0] (x > 0.0)",DelayedQualitative,Incremental,online,20000,50,0.00510283585999332,9.876450137472633e-05,2.55141792999666e-07,4.9382250687363166e-09,0.255141792999666,0.004938225068736316,5000.0
7,"F[0,1.0] (x > 0.0)",DelayedQualitative,Incremental,online,20000,50,0.004929033299995353,0.00012950294593510792,2.464516649997677e-07,6.475147296755396e-09,0.2464516649997677,0.006475147296755396,1.0
7,"F[0,100.0] (x > 0.0)",DelayedQualitative,Incremental,online,20000,50,0.00533158419999836,0.00010920585923080263,2.66579209999918e-07,5.460292961540132e-09,0.26657920999991797,0.005460292961540132,100.0
7,"F[0,200.0] (x > 0.0)",DelayedQualitative,Incremental,online,20000,50,0.005240894179996758,0.00013515989480684145,2.620447089998379e-07,6.7579947403420724e-09,0.2620447089998379,0.006757994740342072,200.0
7,"F[0,300.0] (x > 0.0)",DelayedQualitative,Incremental,online,20000,50,0.0051465008600007425,8.526880085919027e-05,2.573250430000371e-07,4.263440042959514e-09,0.2573250430000371,0.004263440042959514,300.0
7,"F[0,400.0] (x > 0.0)",DelayedQualitative,Incremental,online,20000,50,0.005217702400000235,0.00014476547420732043,2.6088512000001173e-07,7.238273710366021e-09,0.26088512000001174,0.007238273710366021,400.0
7,"F[0,500.0] (x > 0.0)",DelayedQualitative,Incremental,online,20000,50,0.005197047599995131,0.00012323539508611145,2.598523799997565e-07,6.161769754305572e-09,0.2598523799997565,0.006161769754305572,500.0
7,"F[0,600.0] (x > 0.0)",DelayedQualitative,Incremental,online,20000,50,0.005199059979981939,0.00014730126032891884,2.59952998999097e-07,7.365063016445942e-09,0.25995299899909696,0.0073650630164459425,600.0
7,"F[0,700.0] (x > 0.0)",DelayedQualitative,Incremental,online,20000,50,0.005406464140014578,8.401122531076988e-05,2.703232070007289e-07,4.200561265538494e-09,0.2703232070007289,0.004200561265538494,700.0
7,"F[0,800.0] (x > 0.0)",DelayedQualitative,Incremental,online,20000,50,0.005350705760015444,0.0001337852951172632,2.675352880007722e-07,6.689264755863161e-09,0.2675352880007722,0.006689264755863161,800.0
7,"F[0,900.0] (x > 0.0)",DelayedQualitative,Incremental,online,20000,50,0.005352406600004542,7.50000694614354e-05,2.676203300002271e-07,3.75000347307177e-09,0.2676203300002271,0.0037500034730717706,900.0
7,"F[0,1000.0] (x > 0.0)",DelayedQualitative,Incremental,online,20000,50,0.005192311580008209,8.055155773820123e-05,2.5961557900041044e-07,4.027577886910061e-09,0.25961557900041043,0.004027577886910061,1000.0
7,"F[0,1100.0] (x > 0.0)",DelayedQualitative,Incremental,online,20000,50,0.005383163339993189,6.030558249394647e-05,2.691581669996594e-07,3.0152791246973235e-09,0.26915816699965944,0.0030152791246973237,1100.0
7,"F[0,1200.0] (x > 0.0)",DelayedQualitative,Incremental,online,20000,50,0.005260659940008736,0.00010431383612129117,2.6303299700043676e-07,5.2156918060645586e-09,0.26303299700043675,0.005215691806064559,1200.0
7,"F[0,1300.0] (x > 0.0)",DelayedQualitative,Incremental,online,20000,50,0.005410670960004609,6.089497225977215e-05,2.7053354800023043e-07,3.0447486129886078e-09,0.27053354800023044,0.0030447486129886077,1300.0
7,"F[0,1400.0] (x > 0.0)",DelayedQualitative,Incremental,online,20000,50,0.00529889001999436,0.00012329039952116522,2.64944500999718e-07,6.1645199760582615e-09,0.264944500999718,0.006164519976058261,1400.0
7,"F[0,1500.0] (x > 0.0)",DelayedQualitative,Incremental,online,20000,50,0.005420135019994632,8.940920651486453e-05,2.710067509997316e-07,4.470460325743226e-09,0.2710067509997316,0.0044704603257432265,1500.0
7,"F[0,1600.0] (x > 0.0)",DelayedQualitative,Incremental,online,20000,50,0.005361355919985726,8.11171855269432e-05,2.680677959992863e-07,4.05585927634716e-09,0.2680677959992863,0.00405585927634716,1600.0
7,"F[0,1700.0] (x > 0.0)",DelayedQualitative,Incremental,online,20000,50,0.0053941833200087785,0.0001116058513572475,2.697091660004389e-07,5.5802925678623755e-09,0.2697091660004389,0.005580292567862376,1700.0
7,"F[0,1800.0] (x > 0.0)",DelayedQualitative,Incremental,online,20000,50,0.005261438380016443,5.9117511129303165e-05,2.6307191900082216e-07,2.9558755564651582e-09,0.26307191900082216,0.0029558755564651584,1800.0
7,"F[0,1900.0] (x > 0.0)",DelayedQualitative,Incremental,online,20000,50,0.005259338299988485,0.00011686280809305132,2.6296691499942424e-07,5.843140404652566e-09,0.26296691499942426,0.005843140404652566,1900.0
7,"F[0,2000.0] (x > 0.0)",DelayedQualitative,Incremental,online,20000,50,0.005227321719994507,0.0001446774453830843,2.6136608599972536e-07,7.233872269154214e-09,0.2613660859997254,0.007233872269154214,2000.0
7,"F[0,2100.0] (x > 0.0)",DelayedQualitative,Incremental,online,20000,50,0.005360060039997734,7.866965784795603e-05,2.680030019998867e-07,3.933482892397801e-09,0.2680030019998867,0.003933482892397801,2100.0
7,"F[0,2200.0] (x > 0.0)",DelayedQualitative,Incremental,online,20000,50,0.005210393360002854,8.751354910986164e-05,2.605196680001427e-07,4.375677455493082e-09,0.2605196680001427,0.004375677455493082,2200.0
7,"F[0,2300.0] (x > 0.0)",DelayedQualitative,Incremental,online,20000,50,0.005273659199974645,6.508449231106244e-05,2.636829599987323e-07,3.254224615553122e-09,0.2636829599987323,0.003254224615553122,2300.0
7,"F[0,2400.0] (x > 0.0)",DelayedQualitative,Incremental,online,20000,50,0.005255920799991145,8.021168575386809e-05,2.6279603999955725e-07,4.010584287693405e-09,0.26279603999955725,0.004010584287693405,2400.0
7,"F[0,2500.0] (x > 0.0)",DelayedQualitative,Incremental,online,20000,50,0.0051771000000007915,7.000485010463109e-05,2.588550000000396e-07,3.5002425052315545e-09,0.2588550000000396,0.0035002425052315547,2500.0
7,"F[0,2600.0] (x > 0.0)",DelayedQualitative,Incremental,online,20000,50,0.005226929959994777,7.879291094898512e-05,2.6134649799973885e-07,3.939645547449256e-09,0.26134649799973886,0.0039396455474492555,2600.0
7,"F[0,2700.0] (x > 0.0)",DelayedQualitative,Incremental,online,20000,50,0.005079989280020527,0.00020487061325185363,2.539994640010263e-07,1.0243530662592682e-08,0.2539994640010263,0.010243530662592683,2700.0
7,"F[0,2800.0] (x > 0.0)",DelayedQualitative,Incremental,online,20000,50,0.005029420779983411,0.0001300164871162427,2.5147103899917057e-07,6.500824355812136e-09,0.25147103899917056,0.0065008243558121355,2800.0
7,"F[0,2900.0] (x > 0.0)",DelayedQualitative,Incremental,online,20000,50,0.005134164239971142,9.493744237690054e-05,2.567082119985571e-07,4.7468721188450264e-09,0.2567082119985571,0.004746872118845027,2900.0
7,"F[0,3000.0] (x > 0.0)",DelayedQualitative,Incremental,online,20000,50,0.005046670019992234,0.0001487080255175549,2.523335009996117e-07,7.435401275877745e-09,0.2523335009996117,0.007435401275877745,3000.0
7,"F[0,3100.0] (x > 0.0)",DelayedQualitative,Incremental,online,20000,50,0.004988282440008334,5.4730908874045096e-05,2.4941412200041667e-07,2.736545443702255e-09,0.24941412200041665,0.002736545443702255,3100.0
7,"F[0,3200.0] (x > 0.0)",DelayedQualitative,Incremental,online,20000,50,0.005120849180043479,0.00010895231116670564,2.5604245900217394e-07,5.4476155583352816e-09,0.2560424590021739,0.005447615558335282,3200.0
7,"F[0,3300.0] (x > 0.0)",DelayedQualitative,Incremental,online,20000,50,0.005003255819997321,0.00010018437846573666,2.5016279099986603e-07,5.009218923286833e-09,0.25016279099986605,0.0050092189232868334,3300.0
7,"F[0,3400.0] (x > 0.0)",DelayedQualitative,Incremental,online,20000,50,0.005044114100005572,0.00012743344874263757,2.522057050002786e-07,6.3716724371318785e-09,0.2522057050002786,0.0063716724371318785,3400.0
7,"F[0,3500.0] (x > 0.0)",DelayedQualitative,Incremental,online,20000,50,0.005156420020039149,0.0001009957069957754,2.578210010019575e-07,5.04978534978877e-09,0.2578210010019575,0.00504978534978877,3500.0
7,"F[0,3600.0] (x > 0.0)",DelayedQualitative,Incremental,online,20000,50,0.005028883380005027,0.00015124109118986128,2.5144416900025137e-07,7.562054559493064e-09,0.25144416900025135,0.007562054559493064,3600.0
7,"F[0,3700.0] (x > 0.0)",DelayedQualitative,Incremental,online,20000,50,0.005049081759989349,8.596834093903368e-05,2.5245408799946745e-07,4.298417046951684e-09,0.25245408799946745,0.004298417046951684,3700.0
7,"F[0,3800.0] (x > 0.0)",DelayedQualitative,Incremental,online,20000,50,0.005053869139997005,0.00012766096693506376,2.5269345699985025e-07,6.383048346753188e-09,0.25269345699985024,0.006383048346753188,3800.0
7,"F[0,3900.0] (x > 0.0)",DelayedQualitative,Incremental,online,20000,50,0.0051008317200012246,0.0001571489024669263,2.550415860000612e-07,7.857445123346314e-09,0.2550415860000612,0.007857445123346313,3900.0
7,"F[0,4000.0] (x > 0.0)",DelayedQualitative,Incremental,online,20000,50,0.00503432075998262,0.0001353120583181777,2.51716037999131e-07,6.765602915908884e-09,0.251716037999131,0.006765602915908884,4000.0
7,"F[0,4100.0] (x > 0.0)",DelayedQualitative,Incremental,online,20000,50,0.005081481580023137,0.00013060295916266152,2.5407407900115686e-07,6.530147958133076e-09,0.25407407900115686,0.0065301479581330755,4100.0
7,"F[0,4200.0] (x > 0.0)",DelayedQualitative,Incremental,online,20000,50,0.005074830860021393,9.396382631845899e-05,2.537415430010697e-07,4.6981913159229496e-09,0.25374154300106966,0.004698191315922949,4200.0
7,"F[0,4300.0] (x > 0.0)",DelayedQualitative,Incremental,online,20000,50,0.0050325741800088504,0.00015002733978091527,2.5162870900044253e-07,7.501366989045763e-09,0.25162870900044254,0.007501366989045763,4300.0
7,"F[0,4400.0] (x > 0.0)",DelayedQualitative,Incremental,online,20000,50,0.004987410039993847,9.939599085161521e-05,2.4937050199969235e-07,4.9697995425807605e-09,0.24937050199969235,0.00496979954258076,4400.0
7,"F[0,4500.0] (x > 0.0)",DelayedQualitative,Incremental,online,20000,50,0.0050243741799977214,0.00014702046987155864,2.512187089998861e-07,7.351023493577932e-09,0.2512187089998861,0.007351023493577932,4500.0
7,"F[0,4600.0] (x > 0.0)",DelayedQualitative,Incremental,online,20000,50,0.004869399140002315,9.058467147469865e-05,2.434699570001158e-07,4.529233573734932e-09,0.24346995700011578,0.0045292335737349325,4600.0
7,"F[0,4700.0] (x > 0.0)",DelayedQualitative,Incremental,online,20000,50,0.0049470116600059556,0.00011076637298155255,2.473505830002978e-07,5.538318649077627e-09,0.24735058300029777,0.005538318649077627,4700.0
7,"F[0,4800.0] (x > 0.0)",DelayedQualitative,Incremental,online,20000,50,0.0051055941000231544,9.123617669668015e-05,2.552797050011577e-07,4.5618088348340075e-09,0.2552797050011577,0.004561808834834007,4800.0
7,"F[0,4900.0] (x > 0.0)",DelayedQualitative,Incremental,online,20000,50,0.005224709140006781,9.011423595682115e-05,2.6123545700033904e-07,4.505711797841058e-09,0.261235457000339,0.004505711797841058,4900.0
7,"F[0,5000.0] (x > 0.0)",DelayedQualitative,Incremental,online,20000,50,0.005042897439993794,0.0001000967568250158,2.521448719996897e-07,5.0048378412507895e-09,0.2521448719996897,0.005004837841250789,5000.0
1,(x < 0.5) and (x > -0.5),EagerQualitative,Incremental,online,20000,50,0.0050550217400223115,0.00011860491047713732,2.5275108700111555e-07,5.930245523856866e-09,0.25275108700111554,0.0059302455238568665,0.0
2,"G[0,1000] (x > 0.5 -> F[0,100] (x < 0.0))",EagerQualitative,Incremental,online,20000,50,0.008588280740009396,0.00012225675450476336,4.294140370004698e-07,6.1128377252381675e-09,0.4294140370004698,0.006112837725238168,1100.0
3,"(x < 0.5) U[0,1000] (x < 0.0)",EagerQualitative,Incremental,online,20000,50,0.024411815899998145,0.00026770524383769003,1.2205907949999072e-06,1.3385262191884501e-08,1.2205907949999073,0.013385262191884502,1000.0
4,"(G[0,100] (x < 0.5)) or (G[100,150] (x > 0.0))",EagerQualitative,Incremental,online,20000,50,0.016029591579995214,0.00013497845986228018,8.014795789997607e-07,6.748922993114009e-09,0.8014795789997607,0.0067489229931140095,150.0
5,"(x < 0.0) U[0,1.0] (x > 0.0)",EagerQualitative,Incremental,online,20000,50,0.007502801620016725,0.00010422100187095495,3.7514008100083627e-07,5.211050093547747e-09,0.3751400810008363,0.005211050093547747,1.0
5,"(x < 0.0) U[0,100.0] (x > 0.0)",EagerQualitative,Incremental,online,20000,50,0.013532050020016869,0.000157698705924397,6.766025010008434e-07,7.884935296219849e-09,0.6766025010008434,0.00788493529621985,100.0
5,"(x < 0.0) U[0,200.0] (x > 0.0)",EagerQualitative,Incremental,online,20000,50,0.015146595920000436,0.0002120702718331117,7.573297960000218e-07,1.0603513591655585e-08,0.7573297960000218,0.010603513591655584,200.0
5,"(x < 0.0) U[0,300.0] (x > 0.0)",EagerQualitative,Incremental,online,20000,50,0.017118852519993198,0.00024074418452259264,8.559426259996599e-07,1.2037209226129632e-08,0.8559426259996599,0.012037209226129632,300.0
5,"(x < 0.0) U[0,400.0] (x > 0.0)",EagerQualitative,Incremental,online,20000,50,0.0192699090799897,0.00028579983439890077,9.63495453999485e-07,1.4289991719945038e-08,0.963495453999485,0.014289991719945038,400.0
5,"(x < 0.0) U[0,500.0] (x > 0.0)",EagerQualitative,Incremental,online,20000,50,0.02134291919999214,0.000282870321342241,1.067145959999607e-06,1.414351606711205e-08,1.067145959999607,0.01414351606711205,500.0
5,"(x < 0.0) U[0,600.0] (x > 0.0)",EagerQualitative,Incremental,online,20000,50,0.02346571916000812,0.00026925784867033714,1.173285958000406e-06,1.3462892433516857e-08,1.173285958000406,0.013462892433516857,600.0
5,"(x < 0.0) U[0,700.0] (x > 0.0)",EagerQualitative,Incremental,online,20000,50,0.025691579079998517,0.000296497047328628,1.284578953999926e-06,1.48248523664314e-08,1.284578953999926,0.0148248523664314,700.0
5,"(x < 0.0) U[0,800.0] (x > 0.0)",EagerQualitative,Incremental,online,20000,50,0.02801258163998682,0.00028326329169053134,1.400629081999341e-06,1.4163164584526566e-08,1.400629081999341,0.014163164584526567,800.0
5,"(x < 0.0) U[0,900.0] (x > 0.0)",EagerQualitative,Incremental,online,20000,50,0.03004491745998621,0.000297199813893412,1.5022458729993106e-06,1.4859990694670598e-08,1.5022458729993107,0.014859990694670599,900.0
5,"(x < 0.0) U[0,1000.0] (x > 0.0)",EagerQualitative,Incremental,online,20000,50,0.03217041086000336,0.00037844250429031924,1.6085205430001677e-06,1.8922125214515963e-08,1.6085205430001677,0.018922125214515962,1000.0
5,"(x < 0.0) U[0,1100.0] (x > 0.0)",EagerQualitative,Incremental,online,20000,50,0.03385592409998935,0.00032874941307710137,1.6927962049994677e-06,1.6437470653855067e-08,1.6927962049994676,0.016437470653855066,1100.0
5,"(x < 0.0) U[0,1200.0] (x > 0.0)",EagerQualitative,Incremental,online,20000,50,0.035728624900002615,0.0004503134548732585,1.7864312450001308e-06,2.2515672743662925e-08,1.7864312450001307,0.022515672743662923,1200.0
5,"(x < 0.0) U[0,1300.0] (x > 0.0)",EagerQualitative,Incremental,online,20000,50,0.0376115425199896,0.00034673870544090196,1.8805771259994798e-06,1.7336935272045096e-08,1.8805771259994797,0.017336935272045096,1300.0
5,"(x < 0.0) U[0,1400.0] (x > 0.0)",EagerQualitative,Incremental,online,20000,50,0.039965352520002856,0.0004316248763880272,1.998267626000143e-06,2.158124381940136e-08,1.9982676260001428,0.02158124381940136,1400.0
5,"(x < 0.0) U[0,1500.0] (x > 0.0)",EagerQualitative,Incremental,online,20000,50,0.04207233249999263,0.00029402341986741164,2.1036166249996312e-06,1.4701170993370583e-08,2.1036166249996313,0.014701170993370583,1500.0
5,"(x < 0.0) U[0,1600.0] (x > 0.0)",EagerQualitative,Incremental,online,20000,50,0.04384871664000002,0.0004903317623421462,2.192435832000001e-06,2.451658811710731e-08,2.192435832000001,0.02451658811710731,1600.0
5,"(x < 0.0) U[0,1700.0] (x > 0.0)",EagerQualitative,Incremental,online,20000,50,0.04534813743998711,0.00033462923052710297,2.2674068719993554e-06,1.6731461526355148e-08,2.2674068719993556,0.016731461526355147,1700.0
5,"(x < 0.0) U[0,1800.0] (x > 0.0)",EagerQualitative,Incremental,online,20000,50,0.047323401639987425,0.0003177436534305022,2.366170081999371e-06,1.588718267152511e-08,2.366170081999371,0.01588718267152511,1800.0
5,"(x < 0.0) U[0,1900.0] (x > 0.0)",EagerQualitative,Incremental,online,20000,50,0.04982857160001004,0.0005109559845548236,2.4914285800005018e-06,2.5547799227741183e-08,2.491428580000502,0.025547799227741183,1900.0
5,"(x < 0.0) U[0,2000.0] (x > 0.0)",EagerQualitative,Incremental,online,20000,50,0.051829184180014636,0.0004261182110666198,2.5914592090007317e-06,2.130591055333099e-08,2.591459209000732,0.02130591055333099,2000.0
5,"(x < 0.0) U[0,2100.0] (x > 0.0)",EagerQualitative,Incremental,online,20000,50,0.05334721009999157,0.0003968502597096359,2.6673605049995785e-06,1.9842512985481794e-08,2.6673605049995786,0.019842512985481793,2100.0
5,"(x < 0.0) U[0,2200.0] (x > 0.0)",EagerQualitative,Incremental,online,20000,50,0.0552553682800135,0.00036166087993101296,2.7627684140006747e-06,1.8083043996550648e-08,2.7627684140006745,0.018083043996550648,2200.0
5,"(x < 0.0) U[0,2300.0] (x > 0.0)",EagerQualitative,Incremental,online,20000,50,0.05774344167997697,0.0003730039980856775,2.8871720839988485e-06,1.8650199904283873e-08,2.8871720839988484,0.018650199904283873,2300.0
5,"(x < 0.0) U[0,2400.0] (x > 0.0)",EagerQualitative,Incremental,online,20000,50,0.05987503081998511,0.0005064750774790752,2.9937515409992554e-06,2.5323753873953758e-08,2.9937515409992552,0.025323753873953758,2400.0
5,"(x < 0.0) U[0,2500.0] (x > 0.0)",EagerQualitative,Incremental,online,20000,50,0.06126650416002121,0.00036994361900780293,3.0633252080010604e-06,1.8497180950390145e-08,3.0633252080010602,0.018497180950390147,2500.0
5,"(x < 0.0) U[0,2600.0] (x > 0.0)",EagerQualitative,Incremental,online,20000,50,0.06367022575997908,0.0005252752114649217,3.183511287998954e-06,2.6263760573246086e-08,3.1835112879989538,0.026263760573246087,2600.0
5,"(x < 0.0) U[0,2700.0] (x > 0.0)",EagerQualitative,Incremental,online,20000,50,0.06613905992000127,0.0005331831293625761,3.3069529960000635e-06,2.6659156468128806e-08,3.3069529960000636,0.026659156468128806,2700.0
5,"(x < 0.0) U[0,2800.0] (x > 0.0)",EagerQualitative,Incremental,online,20000,50,0.06751489328000389,0.0004240292211378895,3.3757446640001943e-06,2.1201461056894476e-08,3.3757446640001945,0.021201461056894477,2800.0
5,"(x < 0.0) U[0,2900.0] (x > 0.0)",EagerQualitative,Incremental,online,20000,50,0.0699520966999944,0.0005412697807213505,3.49760483499972e-06,2.7063489036067522e-08,3.49760483499972,0.027063489036067524,2900.0
5,"(x < 0.0) U[0,3000.0] (x > 0.0)",EagerQualitative,Incremental,online,20000,50,0.07241224086001694,0.0007409331582857633,3.620612043000847e-06,3.7046657914288165e-08,3.620612043000847,0.03704665791428816,3000.0
5,"(x < 0.0) U[0,3100.0] (x > 0.0)",EagerQualitative,Incremental,online,20000,50,0.07348508579998907,0.0005045099774816702,3.6742542899994534e-06,2.5225498874083513e-08,3.6742542899994532,0.025225498874083513,3100.0
5,"(x < 0.0) U[0,3200.0] (x > 0.0)",EagerQualitative,Incremental,online,20000,50,0.07583450341999651,0.0007404574709297529,3.7917251709998255e-06,3.702287354648765e-08,3.7917251709998254,0.037022873546487645,3200.0
5,"(x < 0.0) U[0,3300.0] (x > 0.0)",EagerQualitative,Incremental,online,20000,50,0.07771346677999645,0.000532174114664533,3.885673338999823e-06,2.660870573322665e-08,3.885673338999823,0.026608705733226653,3300.0
5,"(x < 0.0) U[0,3400.0] (x > 0.0)",EagerQualitative,Incremental,online,20000,50,0.07893234754000332,0.00043829644715129084,3.946617377000166e-06,2.191482235756454e-08,3.9466173770001665,0.02191482235756454,3400.0
5,"(x < 0.0) U[0,3500.0] (x > 0.0)",EagerQualitative,Incremental,online,20000,50,0.08164299586001107,0.0006747276697840468,4.082149793000554e-06,3.373638348920234e-08,4.0821497930005535,0.03373638348920234,3500.0
5,"(x < 0.0) U[0,3600.0] (x > 0.0)",EagerQualitative,Incremental,online,20000,50,0.08268976416001805,0.0006876271187077956,4.1344882080009025e-06,3.438135593538978e-08,4.134488208000903,0.03438135593538978,3600.0
5,"(x < 0.0) U[0,3700.0] (x > 0.0)",EagerQualitative,Incremental,online,20000,50,0.08446813661998022,0.0007096788008496193,4.223406830999011e-06,3.548394004248097e-08,4.223406830999011,0.03548394004248097,3700.0
5,"(x < 0.0) U[0,3800.0] (x > 0.0)",EagerQualitative,Incremental,online,20000,50,0.08668687085998954,0.0006849346647317689,4.334343542999477e-06,3.4246733236588445e-08,4.334343542999477,0.034246733236588445,3800.0
5,"(x < 0.0) U[0,3900.0] (x > 0.0)",EagerQualitative,Incremental,online,20000,50,0.08750979510001798,0.0006147819700490092,4.375489755000899e-06,3.073909850245046e-08,4.375489755000899,0.030739098502450463,3900.0
5,"(x < 0.0) U[0,4000.0] (x > 0.0)",EagerQualitative,Incremental,online,20000,50,0.09005704829999558,0.00046007145331000796,4.502852414999779e-06,2.3003572665500398e-08,4.502852414999779,0.023003572665500398,4000.0
5,"(x < 0.0) U[0,4100.0] (x > 0.0)",EagerQualitative,Incremental,online,20000,50,0.09628249911999774,0.015588489543398637,4.814124955999887e-06,7.794244771699318e-07,4.814124955999887,0.7794244771699318,4100.0
5,"(x < 0.0) U[0,4200.0] (x > 0.0)",EagerQualitative,Incremental,online,20000,50,0.11497395075999521,0.028695429402320158,5.74869753799976e-06,1.4347714701160078e-06,5.74869753799976,1.4347714701160077,4200.0
5,"(x < 0.0) U[0,4300.0] (x > 0.0)",EagerQualitative,Incremental,online,20000,50,0.10221791002000828,0.016030459241300685,5.110895501000414e-06,8.015229620650343e-07,5.110895501000415,0.8015229620650343,4300.0
5,"(x < 0.0) U[0,4400.0] (x > 0.0)",EagerQualitative,Incremental,online,20000,50,0.12126279747999888,0.02560465456679527,6.063139873999944e-06,1.2802327283397635e-06,6.063139873999944,1.2802327283397634,4400.0
5,"(x < 0.0) U[0,4500.0] (x > 0.0)",EagerQualitative,Incremental,online,20000,50,0.10329734340001323,0.013980657665905618,5.164867170000661e-06,6.990328832952808e-07,5.164867170000661,0.6990328832952808,4500.0
5,"(x < 0.0) U[0,4600.0] (x > 0.0)",EagerQualitative,Incremental,online,20000,50,0.12314504012000725,0.026411257570204964,6.157252006000363e-06,1.3205628785102481e-06,6.157252006000363,1.3205628785102481,4600.0
5,"(x < 0.0) U[0,4700.0] (x > 0.0)",EagerQualitative,Incremental,online,20000,50,0.11513265586001126,0.021881200666269557,5.756632793000563e-06,1.0940600333134778e-06,5.756632793000564,1.0940600333134778,4700.0
5,"(x < 0.0) U[0,4800.0] (x > 0.0)",EagerQualitative,Incremental,online,20000,50,0.11032950843999516,0.015579747898506394,5.516475421999758e-06,7.789873949253197e-07,5.5164754219997585,0.7789873949253198,4800.0
5,"(x < 0.0) U[0,4900.0] (x > 0.0)",EagerQualitative,Incremental,online,20000,50,0.1259073816999944,0.026340561422074915,6.295369084999721e-06,1.3170280711037458e-06,6.295369084999721,1.3170280711037459,4900.0
5,"(x < 0.0) U[0,5000.0] (x > 0.0)",EagerQualitative,Incremental,online,20000,50,0.13011291080002138,0.02867036099013668,6.5056455400010694e-06,1.433518049506834e-06,6.505645540001069,1.433518049506834,5000.0
6,"G[0,1.0] (x > 0.0)",EagerQualitative,Incremental,online,20000,50,0.004968900760004545,0.0001977928563512191,2.4844503800022725e-07,9.889642817560955e-09,0.24844503800022724,0.009889642817560955,1.0
6,"G[0,100.0] (x > 0.0)",EagerQualitative,Incremental,online,20000,50,0.0048906974999817976,0.00013936534754164346,2.445348749990899e-07,6.968267377082173e-09,0.2445348749990899,0.006968267377082173,100.0
6,"G[0,200.0] (x > 0.0)",EagerQualitative,Incremental,online,20000,50,0.0048394566399838366,0.00017789417014449095,2.419728319991918e-07,8.894708507224547e-09,0.2419728319991918,0.008894708507224547,200.0
6,"G[0,300.0] (x > 0.0)",EagerQualitative,Incremental,online,20000,50,0.004768745780006611,0.0001535426881753519,2.384372890003305e-07,7.677134408767595e-09,0.2384372890003305,0.007677134408767595,300.0
6,"G[0,400.0] (x > 0.0)",EagerQualitative,Incremental,online,20000,50,0.004812616679992061,0.00011843213852840101,2.4063083399960307e-07,5.921606926420051e-09,0.24063083399960308,0.005921606926420051,400.0
6,"G[0,500.0] (x > 0.0)",EagerQualitative,Incremental,online,20000,50,0.0046516341400229064,5.987749830428064e-05,2.3258170700114533e-07,2.993874915214032e-09,0.23258170700114533,0.002993874915214032,500.0
6,"G[0,600.0] (x > 0.0)",EagerQualitative,Incremental,online,20000,50,0.004790431620031086,0.0001405133915402794,2.395215810015543e-07,7.02566957701397e-09,0.2395215810015543,0.0070256695770139705,600.0
6,"G[0,700.0] (x > 0.0)",EagerQualitative,Incremental,online,20000,50,0.004767800799977522,0.00014866145429828247,2.3839003999887609e-07,7.433072714914124e-09,0.2383900399988761,0.007433072714914124,700.0
6,"G[0,800.0] (x > 0.0)",EagerQualitative,Incremental,online,20000,50,0.004741879160005738,0.00010573519047397983,2.370939580002869e-07,5.286759523698992e-09,0.2370939580002869,0.0052867595236989915,800.0
6,"G[0,900.0] (x > 0.0)",EagerQualitative,Incremental,online,20000,50,0.004768428280012813,9.759770941053323e-05,2.3842141400064066e-07,4.879885470526661e-09,0.23842141400064065,0.004879885470526661,900.0
6,"G[0,1000.0] (x > 0.0)",EagerQualitative,Incremental,online,20000,50,0.004728732479993596,9.488984154352034e-05,2.3643662399967982e-07,4.744492077176017e-09,0.23643662399967982,0.004744492077176017,1000.0
6,"G[0,1100.0] (x > 0.0)",EagerQualitative,Incremental,online,20000,50,0.004717694899995877,0.00011235052272594771,2.3588474499979385e-07,5.617526136297386e-09,0.23588474499979387,0.005617526136297386,1100.0
6,"G[0,1200.0] (x > 0.0)",EagerQualitative,Incremental,online,20000,50,0.004759907500001646,8.019634336844947e-05,2.3799537500008229e-07,4.009817168422473e-09,0.23799537500008228,0.004009817168422474,1200.0
6,"G[0,1300.0] (x > 0.0)",EagerQualitative,Incremental,online,20000,50,0.004661721660013427,7.964758665682241e-05,2.3308608300067136e-07,3.982379332841121e-09,0.23308608300067135,0.00398237933284112,1300.0
6,"G[0,1400.0] (x > 0.0)",EagerQualitative,Incremental,online,20000,50,0.0047180624999919015,0.00011484523223383919,2.359031249995951e-07,5.74226161169196e-09,0.2359031249995951,0.0057422616116919595,1400.0
6,"G[0,1500.0] (x > 0.0)",EagerQualitative,Incremental,online,20000,50,0.004723991659989224,0.00011469851613225173,2.3619958299946121e-07,5.734925806612586e-09,0.23619958299946123,0.005734925806612586,1500.0
6,"G[0,1600.0] (x > 0.0)",EagerQualitative,Incremental,online,20000,50,0.004654921760002253,8.551351994510828e-05,2.3274608800011267e-07,4.275675997255414e-09,0.23274608800011268,0.004275675997255414,1600.0
6,"G[0,1700.0] (x > 0.0)",EagerQualitative,Incremental,online,20000,50,0.004781887480003206,9.808731465750089e-05,2.390943740001603e-07,4.904365732875044e-09,0.2390943740001603,0.004904365732875044,1700.0
6,"G[0,1800.0] (x > 0.0)",EagerQualitative,Incremental,online,20000,50,0.00467660416000399,0.00010752578835680104,2.338302080001995e-07,5.376289417840052e-09,0.23383020800019952,0.005376289417840052,1800.0
6,"G[0,1900.0] (x > 0.0)",EagerQualitative,Incremental,online,20000,50,0.004734332440002618,9.418666451355116e-05,2.3671662200013089e-07,4.709333225677558e-09,0.23671662200013088,0.004709333225677558,1900.0
6,"G[0,2000.0] (x > 0.0)",EagerQualitative,Incremental,online,20000,50,0.004893110780003553,0.00011697030614917684,2.4465553900017765e-07,5.8485153074588416e-09,0.24465553900017764,0.005848515307458842,2000.0
6,"G[0,2100.0] (x > 0.0)",EagerQualitative,Incremental,online,20000,50,0.0048636690600051226,0.00015560036407230368,2.4318345300025614e-07,7.780018203615185e-09,0.24318345300025615,0.007780018203615184,2100.0
6,"G[0,2200.0] (x > 0.0)",EagerQualitative,Incremental,online,20000,50,0.00493349669998679,8.030092408944414e-05,2.466748349993395e-07,4.015046204472207e-09,0.2466748349993395,0.004015046204472207,2200.0
6,"G[0,2300.0] (x > 0.0)",EagerQualitative,Incremental,online,20000,50,0.004874886560028244,0.00015138024860524238,2.4374432800141223e-07,7.569012430262119e-09,0.24374432800141224,0.007569012430262118,2300.0
6,"G[0,2400.0] (x > 0.0)",EagerQualitative,Incremental,online,20000,50,0.004979099120009778,8.68464863273475e-05,2.489549560004889e-07,4.342324316367375e-09,0.2489549560004889,0.004342324316367375,2400.0
6,"G[0,2500.0] (x > 0.0)",EagerQualitative,Incremental,online,20000,50,0.004870884100032526,0.00012498866792541238,2.4354420500162633e-07,6.249433396270619e-09,0.24354420500162632,0.006249433396270619,2500.0
6,"G[0,2600.0] (x > 0.0)",EagerQualitative,Incremental,online,20000,50,0.0049829266199913035,9.61059192947563e-05,2.4914633099956516e-07,4.805295964737815e-09,0.24914633099956515,0.004805295964737815,2600.0
6,"G[0,2700.0] (x > 0.0)",EagerQualitative,Incremental,online,20000,50,0.004848607520020778,0.0001535400658556481,2.424303760010389e-07,7.677003292782405e-09,0.2424303760010389,0.007677003292782405,2700.0
6,"G[0,2800.0] (x > 0.0)",EagerQualitative,Incremental,online,20000,50,0.00495193002000633,0.00010218823171769073,2.475965010003165e-07,5.109411585884537e-09,0.2475965010003165,0.0051094115858845365,2800.0
6,"G[0,2900.0] (x > 0.0)",EagerQualitative,Incremental,online,20000,50,0.004878780820004067,0.00014319091750210992,2.4393904100020336e-07,7.159545875105496e-09,0.24393904100020336,0.007159545875105496,2900.0
6,"G[0,3000.0] (x > 0.0)",EagerQualitative,Incremental,online,20000,50,0.00490020000000186,0.00011082274901392146,2.45010000000093e-07,5.541137450696073e-09,0.24501000000009301,0.005541137450696073,3000.0
6,"G[0,3100.0] (x > 0.0)",EagerQualitative,Incremental,online,20000,50,0.00493999504002204,9.37552903965115e-05,2.46999752001102e-07,4.687764519825575e-09,0.24699975200110202,0.0046877645198255755,3100.0
6,"G[0,3200.0] (x > 0.0)",EagerQualitative,Incremental,online,20000,50,0.004846418339993761,0.00015160861397669245,2.423209169996881e-07,7.580430698834622e-09,0.24232091699968808,0.007580430698834622,3200.0
6,"G[0,3300.0] (x > 0.0)",EagerQualitative,Incremental,online,20000,50,0.004959444900000562,0.00010147421535517888,2.479722450000281e-07,5.073710767758944e-09,0.24797224500002812,0.0050737107677589445,3300.0
6,"G[0,3400.0] (x > 0.0)",EagerQualitative,Incremental,online,20000,50,0.004873850100002528,0.00019712377808099224,2.436925050001264e-07,9.856188904049613e-09,0.24369250500012637,0.009856188904049613,3400.0
6,"G[0,3500.0] (x > 0.0)",EagerQualitative,Incremental,online,20000,50,0.0049572259199976544,8.848087439627261e-05,2.478612959998827e-07,4.42404371981363e-09,0.2478612959998827,0.0044240437198136305,3500.0
6,"G[0,3600.0] (x > 0.0)",EagerQualitative,Incremental,online,20000,50,0.004939385880015834,0.0001530349359742345,2.469692940007917e-07,7.651746798711726e-09,0.24696929400079168,0.007651746798711726,3600.0
6,"G[0,3700.0] (x > 0.0)",EagerQualitative,Incremental,online,20000,50,0.004894752660011364,0.00010644792239310168,2.447376330005682e-07,5.3223961196550845e-09,0.2447376330005682,0.0053223961196550845,3700.0
6,"G[0,3800.0] (x > 0.0)",EagerQualitative,Incremental,online,20000,50,0.004950340920004237,0.00012450962479680132,2.475170460002118e-07,6.2254812398400655e-09,0.24751704600021182,0.006225481239840065,3800.0
6,"G[0,3900.0] (x > 0.0)",EagerQualitative,Incremental,online,20000,50,0.004789373280004838,0.00010687683164542028,2.394686640002419e-07,5.343841582271014e-09,0.23946866400024192,0.005343841582271014,3900.0
6,"G[0,4000.0] (x > 0.0)",EagerQualitative,Incremental,online,20000,50,0.004948563339989959,9.227882564874475e-05,2.47428166999498e-07,4.613941282437238e-09,0.247428166999498,0.0046139412824372375,4000.0
6,"G[0,4100.0] (x > 0.0)",EagerQualitative,Incremental,online,20000,50,0.004850268360009977,0.0002081278623754232,2.425134180004989e-07,1.040639311877116e-08,0.2425134180004989,0.01040639311877116,4100.0
6,"G[0,4200.0] (x > 0.0)",EagerQualitative,Incremental,online,20000,50,0.004659443380005541,9.506873763692148e-05,2.3297216900027704e-07,4.753436881846074e-09,0.23297216900027704,0.004753436881846074,4200.0
6,"G[0,4300.0] (x > 0.0)",EagerQualitative,Incremental,online,20000,50,0.004729561620019922,0.00010278361994256737,2.364780810009961e-07,5.139180997128368e-09,0.2364780810009961,0.005139180997128369,4300.0
6,"G[0,4400.0] (x > 0.0)",EagerQualitative,Incremental,online,20000,50,0.00464976170000682,0.00011151573335232566,2.32488085000341e-07,5.575786667616283e-09,0.23248808500034102,0.0055757866676162835,4400.0
6,"G[0,4500.0] (x > 0.0)",EagerQualitative,Incremental,online,20000,50,0.0047023342200054686,0.00011780942935848163,2.3511671100027342e-07,5.8904714679240814e-09,0.23511671100027343,0.005890471467924082,4500.0
6,"G[0,4600.0] (x > 0.0)",EagerQualitative,Incremental,online,20000,50,0.004658465080005954,0.00011543758842690667,2.329232540002977e-07,5.771879421345334e-09,0.2329232540002977,0.005771879421345333,4600.0
6,"G[0,4700.0] (x > 0.0)",EagerQualitative,Incremental,online,20000,50,0.004702943399988726,0.00016001288600402195,2.3514716999943632e-07,8.000644300201098e-09,0.23514716999943633,0.008000644300201098,4700.0
6,"G[0,4800.0] (x > 0.0)",EagerQualitative,Incremental,online,20000,50,0.0046858916599967415,0.00010872797277541685,2.3429458299983707e-07,5.436398638770842e-09,0.23429458299983708,0.005436398638770842,4800.0
6,"G[0,4900.0] (x > 0.0)",EagerQualitative,Incremental,online,20000,50,0.004649087419998068,0.00012582837660033826,2.324543709999034e-07,6.291418830016913e-09,0.2324543709999034,0.006291418830016913,4900.0
6,"G[0,5000.0] (x > 0.0)",EagerQualitative,Incremental,online,20000,50,0.004678210060005767,0.00012020372397224621,2.3391050300028837e-07,6.0101861986123106e-09,0.23391050300028837,0.0060101861986123105,5000.0
7,"F[0,1.0] (x > 0.0)",EagerQualitative,Incremental,online,20000,50,0.004877299959994161,0.00010580097727425132,2.438649979997081e-07,5.290048863712566e-09,0.24386499799970807,0.005290048863712566,1.0
7,"F[0,100.0] (x > 0.0)",EagerQualitative,Incremental,online,20000,50,0.004844831720020011,0.00010673412722627246,2.422415860010005e-07,5.336706361313623e-09,0.24224158600100051,0.005336706361313623,100.0
7,"F[0,200.0] (x > 0.0)",EagerQualitative,Incremental,online,20000,50,0.004842430080002486,0.00010858964859357715,2.421215040001243e-07,5.4294824296788575e-09,0.2421215040001243,0.005429482429678858,200.0
7,"F[0,300.0] (x > 0.0)",EagerQualitative,Incremental,online,20000,50,0.004756086760025937,0.0001170169515481672,2.3780433800129685e-07,5.85084757740836e-09,0.23780433800129686,0.00585084757740836,300.0
7,"F[0,400.0] (x > 0.0)",EagerQualitative,Incremental,online,20000,50,0.004737554139983331,0.00010700964541132613,2.3687770699916655e-07,5.350482270566306e-09,0.23687770699916655,0.0053504822705663065,400.0
7,"F[0,500.0] (x > 0.0)",EagerQualitative,Incremental,online,20000,50,0.004697732440008622,9.927991072657903e-05,2.348866220004311e-07,4.963995536328951e-09,0.2348866220004311,0.004963995536328951,500.0
7,"F[0,600.0] (x > 0.0)",EagerQualitative,Incremental,online,20000,50,0.004782292480012984,0.00014067481573300618,2.391146240006492e-07,7.0337407866503095e-09,0.23911462400064923,0.007033740786650309,600.0
7,"F[0,700.0] (x > 0.0)",EagerQualitative,Incremental,online,20000,50,0.0047581082999840875,0.0001071611251193539,2.3790541499920438e-07,5.358056255967695e-09,0.23790541499920437,0.005358056255967695,700.0
7,"F[0,800.0] (x > 0.0)",EagerQualitative,Incremental,online,20000,50,0.004726039199995285,0.00010790185069097266,2.3630195999976424e-07,5.395092534548633e-09,0.23630195999976425,0.0053950925345486326,800.0
7,"F[0,900.0] (x > 0.0)",EagerQualitative,Incremental,online,20000,50,0.004720160019983269,0.00012421293704789634,2.3600800099916343e-07,6.210646852394817e-09,0.23600800099916344,0.006210646852394817,900.0
7,"F[0,1000.0] (x > 0.0)",EagerQualitative,Incremental,online,20000,50,0.004683878319988253,9.940956704558775e-05,2.3419391599941263e-07,4.9704783522793875e-09,0.23419391599941264,0.0049704783522793875,1000.0
7,"F[0,1100.0] (x > 0.0)",EagerQualitative,Incremental,online,20000,50,0.004748646679995545,0.00015081310067334303,2.3743233399977723e-07,7.540655033667151e-09,0.23743233399977723,0.007540655033667151,1100.0
7,"F[0,1200.0] (x > 0.0)",EagerQualitative,Incremental,online,20000,50,0.0047979233400201335,8.805174834632252e-05,2.398961670010067e-07,4.402587417316126e-09,0.2398961670010067,0.004402587417316126,1200.0
7,"F[0,1300.0] (x > 0.0)",EagerQualitative,Incremental,online,20000,50,0.0048920157999873485,0.00010480034089086392,2.4460078999936744e-07,5.240017044543196e-09,0.24460078999936744,0.005240017044543196,1300.0
7,"F[0,1400.0] (x > 0.0)",EagerQualitative,Incremental,online,20000,50,0.004946958380014621,9.75526725876054e-05,2.4734791900073107e-07,4.8776336293802706e-09,0.24734791900073105,0.00487763362938027,1400.0
7,"F[0,1500.0] (x > 0.0)",EagerQualitative,Incremental,online,20000,50,0.0049041383000076166,0.0001407693763290902,2.4520691500038084e-07,7.0384688164545104e-09,0.24520691500038083,0.007038468816454511,1500.0
7,"F[0,1600.0] (x > 0.0)",EagerQualitative,Incremental,online,20000,50,0.0049933275400189815,7.528662711986443e-05,2.4966637700094907e-07,3.764331355993222e-09,0.24966637700094907,0.0037643313559932215,1600.0
7,"F[0,1700.0] (x > 0.0)",EagerQualitative,Incremental,online,20000,50,0.004939627419989847,0.00012261008985749657,2.4698137099949236e-07,6.130504492874829e-09,0.24698137099949236,0.006130504492874829,1700.0
7,"F[0,1800.0] (x > 0.0)",EagerQualitative,Incremental,online,20000,50,0.004968359940003211,0.00011139132283848672,2.4841799700016055e-07,5.569566141924336e-09,0.24841799700016054,0.005569566141924336,1800.0
7,"F[0,1900.0] (x > 0.0)",EagerQualitative,Incremental,online,20000,50,0.004876012560007439,0.0001257173359936269,2.4380062800037195e-07,6.285866799681345e-09,0.24380062800037194,0.006285866799681345,1900.0
7,"F[0,2000.0] (x > 0.0)",EagerQualitative,Incremental,online,20000,50,0.004994389240014243,9.771541985549714e-05,2.4971946200071214e-07,4.885770992774857e-09,0.24971946200071213,0.0048857709927748565,2000.0
7,"F[0,2100.0] (x > 0.0)",EagerQualitative,Incremental,online,20000,50,0.004910223400015639,0.00011676788464273713,2.4551117000078196e-07,5.838394232136857e-09,0.24551117000078196,0.005838394232136857,2100.0
7,"F[0,2200.0] (x > 0.0)",EagerQualitative,Incremental,online,20000,50,0.004986460820009597,8.555786660519808e-05,2.493230410004799e-07,4.277893330259904e-09,0.2493230410004799,0.004277893330259904,2200.0
7,"F[0,2300.0] (x > 0.0)",EagerQualitative,Incremental,online,20000,50,0.004964127519988324,0.0001232065558357733,2.482063759994162e-07,6.160327791788665e-09,0.2482063759994162,0.006160327791788664,2300.0
7,"F[0,2400.0] (x > 0.0)",EagerQualitative,Incremental,online,20000,50,0.004905757539995647,0.00012131134741740816,2.452878769997824e-07,6.065567370870408e-09,0.24528787699978238,0.006065567370870407,2400.0
7,"F[0,2500.0] (x > 0.0)",EagerQualitative,Incremental,online,20000,50,0.004967045900002631,8.85637868340277e-05,2.4835229500013154e-07,4.428189341701385e-09,0.24835229500013153,0.004428189341701385,2500.0
7,"F[0,2600.0] (x > 0.0)",EagerQualitative,Incremental,online,20000,50,0.004783648219995484,0.00011886680979272385,2.391824109997742e-07,5.943340489636193e-09,0.23918241099977422,0.005943340489636193,2600.0
7,"F[0,2700.0] (x > 0.0)",EagerQualitative,Incremental,online,20000,50,0.004961666559984224,9.332246269297771e-05,2.480833279992112e-07,4.666123134648885e-09,0.24808332799921118,0.004666123134648885,2700.0
7,"F[0,2800.0] (x > 0.0)",EagerQualitative,Incremental,online,20000,50,0.004950861759984946,0.0001320781001888161,2.475430879992473e-07,6.603905009440805e-09,0.2475430879992473,0.006603905009440805,2800.0
7,"F[0,2900.0] (x > 0.0)",EagerQualitative,Incremental,online,20000,50,0.004876094060000469,0.00013668848262271487,2.4380470300002347e-07,6.834424131135743e-09,0.24380470300002346,0.006834424131135743,2900.0
7,"F[0,3000.0] (x > 0.0)",EagerQualitative,Incremental,online,20000,50,0.0049700357800020354,6.470877680052425e-05,2.4850178900010176e-07,3.2354388400262125e-09,0.24850178900010175,0.0032354388400262124,3000.0
7,"F[0,3100.0] (x > 0.0)",EagerQualitative,Incremental,online,20000,50,0.004857454179987144,0.00013685994801715872,2.428727089993572e-07,6.8429974008579365e-09,0.2428727089993572,0.006842997400857936,3100.0
7,"F[0,3200.0] (x > 0.0)",EagerQualitative,Incremental,online,20000,50,0.004958116660009182,8.590115159596487e-05,2.479058330004591e-07,4.2950575797982434e-09,0.24790583300045912,0.004295057579798244,3200.0
7,"F[0,3300.0] (x > 0.0)",EagerQualitative,Incremental,online,20000,50,0.004861159060023965,0.0001450174454233768,2.430579530011983e-07,7.25087227116884e-09,0.24305795300119828,0.00725087227116884,3300.0
7,"F[0,3400.0] (x > 0.0)",EagerQualitative,Incremental,online,20000,50,0.00482123165998928,0.00020626564995234207,2.41061582999464e-07,1.0313282497617103e-08,0.24106158299946398,0.010313282497617104,3400.0
7,"F[0,3500.0] (x > 0.0)",EagerQualitative,Incremental,online,20000,50,0.004635819159984749,7.751270766202066e-05,2.3179095799923743e-07,3.8756353831010325e-09,0.23179095799923743,0.0038756353831010323,3500.0
7,"F[0,3600.0] (x > 0.0)",EagerQualitative,Incremental,online,20000,50,0.004829121679995297,8.514063005873019e-05,2.414560839997648e-07,4.25703150293651e-09,0.24145608399976481,0.00425703150293651,3600.0
7,"F[0,3700.0] (x > 0.0)",EagerQualitative,Incremental,online,20000,50,0.004739778420002949,0.0001110581636737076,2.3698892100014745e-07,5.55290818368538e-09,0.23698892100014746,0.00555290818368538,3700.0
7,"F[0,3800.0] (x > 0.0)",EagerQualitative,Incremental,online,20000,50,0.004629438299998583,4.494450641340386e-05,2.3147191499992915e-07,2.247225320670193e-09,0.23147191499992914,0.002247225320670193,3800.0
7,"F[0,3900.0] (x > 0.0)",EagerQualitative,Incremental,online,20000,50,0.004715431700001318,0.00015010970736398132,2.3577158500006591e-07,7.505485368199065e-09,0.23577158500006593,0.007505485368199065,3900.0
7,"F[0,4000.0] (x > 0.0)",EagerQualitative,Incremental,online,20000,50,0.004719826699970326,9.808785083052908e-05,2.3599133499851633e-07,4.9043925415264535e-09,0.23599133499851632,0.0049043925415264535,4000.0
7,"F[0,4100.0] (x > 0.0)",EagerQualitative,Incremental,online,20000,50,0.004731323359978887,0.00012779370334931294,2.3656616799894434e-07,6.3896851674656475e-09,0.23656616799894434,0.006389685167465647,4100.0
7,"F[0,4200.0] (x > 0.0)",EagerQualitative,Incremental,online,20000,50,0.0047295859200039555,0.00010034111795417316,2.3647929600019778e-07,5.0170558977086576e-09,0.2364792960001978,0.005017055897708658,4200.0
7,"F[0,4300.0] (x > 0.0)",EagerQualitative,Incremental,online,20000,50,0.004692769139978736,9.990299065579846e-05,2.3463845699893682e-07,4.995149532789923e-09,0.23463845699893682,0.004995149532789923,4300.0
7,"F[0,4400.0] (x > 0.0)",EagerQualitative,Incremental,online,20000,50,0.004730514079992645,0.00013337193668174778,2.3652570399963225e-07,6.668596834087389e-09,0.23652570399963224,0.006668596834087389,4400.0
7,"F[0,4500.0] (x > 0.0)",EagerQualitative,Incremental,online,20000,50,0.004765056679998452,9.734579321467707e-05,2.382528339999226e-07,4.867289660733853e-09,0.2382528339999226,0.004867289660733853,4500.0
7,"F[0,4600.0] (x > 0.0)",EagerQualitative,Incremental,online,20000,50,0.004722594980007671,0.00014494693455947063,2.3612974900038352e-07,7.247346727973531e-09,0.23612974900038353,0.007247346727973531,4600.0
7,"F[0,4700.0] (x > 0.0)",EagerQualitative,Incremental,online,20000,50,0.004715825839994068,8.824453916550409e-05,2.357912919997034e-07,4.412226958275205e-09,0.2357912919997034,0.004412226958275205,4700.0
7,"F[0,4800.0] (x > 0.0)",EagerQualitative,Incremental,online,20000,50,0.004672399959986251,9.066431438340966e-05,2.3361999799931254e-07,4.533215719170483e-09,0.23361999799931255,0.004533215719170483,4800.0
7,"F[0,4900.0] (x > 0.0)",EagerQualitative,Incremental,online,20000,50,0.00469488411999464,0.00012259265468621828,2.34744205999732e-07,6.129632734310914e-09,0.234744205999732,0.006129632734310914,4900.0
7,"F[0,5000.0] (x > 0.0)",EagerQualitative,Incremental,online,20000,50,0.00470191077999516,0.00010829953877359277,2.3509553899975799e-07,5.414976938679639e-09,0.235095538999758,0.0054149769386796385,5000.0
1,(x < 0.5) and (x > -0.5),Rosi,Incremental,online,20000,50,0.004953145040003619,0.00013847558912337562,2.4765725200018097e-07,6.923779456168781e-09,0.24765725200018096,0.006923779456168781,0.0
2,"G[0,1000] (x > 0.5 -> F[0,100] (x < 0.0))",Rosi,Incremental,online,20000,50,9.817993969919986,0.18073917802184292,0.0004908996984959993,9.036958901092145e-06,490.89969849599925,9.036958901092145,1100.0
3,"(x < 0.5) U[0,1000] (x < 0.0)",Rosi,Incremental,online,20000,50,49.25052616661999,1.622075306404674,0.0024625263083309997,8.11037653202337e-05,2462.5263083309997,81.1037653202337,1000.0
4,"(G[0,100] (x < 0.5)) or (G[100,150] (x > 0.0))",Rosi,Incremental,online,20000,50,0.2501616801000273,0.0023427406159258544,1.2508084005001366e-05,1.1713703079629272e-07,12.508084005001367,0.11713703079629273,150.0
5,"(x < 0.0) U[0,1.0] (x > 0.0)",Rosi,Incremental,online,20000,50,0.008166345799891133,0.0001227525582744358,4.0831728999455666e-07,6.1376279137217904e-09,0.40831728999455663,0.006137627913721791,1.0
5,"(x < 0.0) U[0,100.0] (x > 0.0)",Rosi,Incremental,online,20000,50,0.7259865008999986,0.006733398225360725,3.629932504499993e-05,3.366699112680362e-07,36.299325044999925,0.33666991126803625,100.0
5,"(x < 0.0) U[0,200.0] (x > 0.0)",Rosi,Incremental,online,20000,50,2.149135456700078,0.014326109496606827,0.0001074567728350039,7.163054748303413e-07,107.4567728350039,0.7163054748303413,200.0
5,"(x < 0.0) U[0,300.0] (x > 0.0)",Rosi,Incremental,online,20000,50,4.308035571720065,0.052645794486447545,0.00021540177858600328,2.632289724322377e-06,215.40177858600327,2.6322897243223773,300.0
5,"(x < 0.0) U[0,400.0] (x > 0.0)",Rosi,Incremental,online,20000,50,7.0528129350399835,0.08878921442216271,0.00035264064675199916,4.439460721108135e-06,352.64064675199916,4.439460721108135,400.0
5,"(x < 0.0) U[0,500.0] (x > 0.0)",Rosi,Incremental,online,20000,50,10.406697513479994,0.10019773734985239,0.0005203348756739997,5.00988686749262e-06,520.3348756739997,5.00988686749262,500.0
5,"(x < 0.0) U[0,600.0] (x > 0.0)",Rosi,Incremental,online,20000,50,15.403857594100064,0.10427590300722055,0.0007701928797050032,5.213795150361027e-06,770.1928797050032,5.213795150361027,600.0
5,"(x < 0.0) U[0,700.0] (x > 0.0)",Rosi,Incremental,online,20000,50,21.12699289661985,0.23157489259087058,0.0010563496448309925,1.1578744629543528e-05,1056.3496448309925,11.578744629543529,700.0
5,"(x < 0.0) U[0,800.0] (x > 0.0)",Rosi,Incremental,online,20000,50,29.125273468280213,0.3420897807348762,0.0014562636734140107,1.710448903674381e-05,1456.2636734140108,17.10448903674381,800.0
5,"(x < 0.0) U[0,900.0] (x > 0.0)",Rosi,Incremental,online,20000,50,38.71987780422009,0.4293955133852214,0.0019359938902110045,2.146977566926107e-05,1935.9938902110046,21.46977566926107,900.0
5,"(x < 0.0) U[0,1000.0] (x > 0.0)",Rosi,Incremental,online,20000,50,49.002773804979846,0.6195656375974854,0.0024501386902489922,3.097828187987427e-05,2450.138690248992,30.978281879874267,1000.0
6,"G[0,1.0] (x > 0.0)",Rosi,Incremental,online,20000,50,0.0054763275399091075,9.81836262840935e-05,2.738163769954554e-07,4.909181314204675e-09,0.2738163769954554,0.004909181314204675,1.0
6,"G[0,100.0] (x > 0.0)",Rosi,Incremental,online,20000,50,0.06110463245990104,0.001337875719685888,3.055231622995052e-06,6.68937859842944e-08,3.055231622995052,0.06689378598429441,100.0
6,"G[0,200.0] (x > 0.0)",Rosi,Incremental,online,20000,50,0.14771304664005583,0.0025359601763306075,7.3856523320027916e-06,1.267980088165304e-07,7.385652332002792,0.1267980088165304,200.0
6,"G[0,300.0] (x > 0.0)",Rosi,Incremental,online,20000,50,0.25224488500003645,0.005270831155858656,1.2612244250001821e-05,2.635415577929328e-07,12.61224425000182,0.2635415577929328,300.0
6,"G[0,400.0] (x > 0.0)",Rosi,Incremental,online,20000,50,0.3684028775198021,0.010025389908449632,1.8420143875990104e-05,5.012694954224816e-07,18.420143875990103,0.5012694954224816,400.0
6,"G[0,500.0] (x > 0.0)",Rosi,Incremental,online,20000,50,0.4875346441202055,0.012957887994271333,2.4376732206010272e-05,6.478943997135667e-07,24.37673220601027,0.6478943997135667,500.0
6,"G[0,600.0] (x > 0.0)",Rosi,Incremental,online,20000,50,0.6182917975200689,0.01977286614723203,3.0914589876003446e-05,9.886433073616014e-07,30.914589876003447,0.9886433073616013,600.0
6,"G[0,700.0] (x > 0.0)",Rosi,Incremental,online,20000,50,0.7986632583200116,0.04598900523971881,3.993316291600058e-05,2.2994502619859405e-06,39.93316291600058,2.2994502619859403,700.0
6,"G[0,800.0] (x > 0.0)",Rosi,Incremental,online,20000,50,0.9511194750801587,0.060018377336131794,4.7555973754007936e-05,3.0009188668065896e-06,47.55597375400794,3.0009188668065896,800.0
6,"G[0,900.0] (x > 0.0)",Rosi,Incremental,online,20000,50,1.092497780839949,0.0807300881866699,5.462488904199745e-05,4.036504409333494e-06,54.62488904199745,4.036504409333494,900.0
6,"G[0,1000.0] (x > 0.0)",Rosi,Incremental,online,20000,50,1.2410722232396803,0.09797031064088224,6.205361116198401e-05,4.898515532044112e-06,62.053611161984016,4.8985155320441125,1000.0
7,"F[0,1.0] (x > 0.0)",Rosi,Incremental,online,20000,50,0.005135512500419282,0.00014303288062762073,2.567756250209641e-07,7.151644031381037e-09,0.25677562502096407,0.007151644031381037,1.0
7,"F[0,100.0] (x > 0.0)",Rosi,Incremental,online,20000,50,0.055591651680078936,0.0008876802416090506,2.7795825840039467e-06,4.438401208045253e-08,2.7795825840039465,0.044384012080452534,100.0
7,"F[0,200.0] (x > 0.0)",Rosi,Incremental,online,20000,50,0.129772850940426,0.0019417913389526028,6.488642547021301e-06,9.708956694763013e-08,6.488642547021301,0.09708956694763013,200.0
7,"F[0,300.0] (x > 0.0)",Rosi,Incremental,online,20000,50,0.21327850500048953,0.0024006983672779205,1.0663925250024476e-05,1.2003491836389602e-07,10.663925250024477,0.12003491836389601,300.0
7,"F[0,400.0] (x > 0.0)",Rosi,Incremental,online,20000,50,0.30017690501976174,0.0025583024265171243,1.5008845250988087e-05,1.279151213258562e-07,15.008845250988088,0.1279151213258562,400.0
7,"F[0,500.0] (x > 0.0)",Rosi,Incremental,online,20000,50,0.3884974383800727,0.003438229716748511,1.9424871919003638e-05,1.7191148583742555e-07,19.42487191900364,0.17191148583742555,500.0
7,"F[0,600.0] (x > 0.0)",Rosi,Incremental,online,20000,50,0.4815850124395365,0.002086951950625266,2.4079250621976823e-05,1.0434759753126331e-07,24.079250621976822,0.10434759753126331,600.0
7,"F[0,700.0] (x > 0.0)",Rosi,Incremental,online,20000,50,0.5931539091999002,0.009561755454303905,2.965769545999501e-05,4.780877727151953e-07,29.65769545999501,0.47808777271519526,700.0
7,"F[0,800.0] (x > 0.0)",Rosi,Incremental,online,20000,50,0.6859859325000435,0.010128770131381295,3.4299296625002174e-05,5.064385065690647e-07,34.29929662500217,0.5064385065690648,800.0
7,"F[0,900.0] (x > 0.0)",Rosi,Incremental,online,20000,50,0.7757204957600333,0.00924317438762278,3.8786024788001666e-05,4.6215871938113895e-07,38.78602478800167,0.46215871938113895,900.0
7,"F[0,1000.0] (x > 0.0)",Rosi,Incremental,online,20000,50,0.8675714267397416,0.009225140305442636,4.337857133698708e-05,4.612570152721318e-07,43.378571336987086,0.4612570152721318,1000.0
